Temp-mean,millis,system:index,Timestamp,Year,Month,Day,DOY,Precip-mm,Model
2.1315551757812727,1546300800000,rcp85_201901,2019-01-01,2019,1,1,1,137.8955914406106,NEX-DCP30
2.9511047363281477,1548979200000,rcp85_201902,2019-02-01,2019,2,1,32,136.25971844885498,NEX-DCP30
4.23005065917971,1551398400000,rcp85_201903,2019-03-01,2019,3,1,60,97.10061619989574,NEX-DCP30
7.771966552734398,1554076800000,rcp85_201904,2019-04-01,2019,4,1,91,62.79873149469495,NEX-DCP30
11.66169128417971,1556668800000,rcp85_201905,2019-05-01,2019,5,1,121,10.855025611817837,NEX-DCP30
16.923394775390648,1559347200000,rcp85_201906,2019-06-01,2019,6,1,152,4.30645931919571,NEX-DCP30
20.705987548828148,1561939200000,rcp85_201907,2019-07-01,2019,7,1,182,2.6188229021499865,NEX-DCP30
20.211419677734398,1564617600000,rcp85_201908,2019-08-01,2019,8,1,213,2.1142792011232814,NEX-DCP30
17.068383789062523,1567296000000,rcp85_201909,2019-09-01,2019,9,1,244,3.201991097739665,NEX-DCP30
12.647256469726585,1569888000000,rcp85_201910,2019-10-01,2019,10,1,274,26.324472011765465,NEX-DCP30
5.733575439453148,1572566400000,rcp85_201911,2019-11-01,2019,11,1,305,74.40548809245229,NEX-DCP30
2.5178619384765852,1575158400000,rcp85_201912,2019-12-01,2019,12,1,335,106.5823748940602,NEX-DCP30
1.8892456054687727,1577836800000,rcp85_202001,2020-01-01,2020,1,1,1,100.12992611154914,NEX-DCP30
3.6189819335937727,1580515200000,rcp85_202002,2020-02-01,2020,2,1,32,119.15654665790498,NEX-DCP30
5.205041503906273,1583020800000,rcp85_202003,2020-03-01,2020,3,1,61,81.57724875491112,NEX-DCP30
9.101358032226585,1585699200000,rcp85_202004,2020-04-01,2020,4,1,92,37.12984820595011,NEX-DCP30
12.152215576171898,1588291200000,rcp85_202005,2020-05-01,2020,5,1,122,16.716847647330724,NEX-DCP30
17.45966491699221,1590969600000,rcp85_202006,2020-06-01,2020,6,1,153,4.480741481529549,NEX-DCP30
21.083474731445335,1593561600000,rcp85_202007,2020-07-01,2020,7,1,183,2.7738874559872784,NEX-DCP30
20.701867675781273,1596240000000,rcp85_202008,2020-08-01,2020,8,1,214,1.4076509251026437,NEX-DCP30
17.363641357421898,1598918400000,rcp85_202009,2020-09-01,2020,9,1,245,2.777385558147216,NEX-DCP30
12.224023437500023,1601510400000,rcp85_202010,2020-10-01,2020,10,1,275,19.859550171531737,NEX-DCP30
5.916925048828148,1604188800000,rcp85_202011,2020-11-01,2020,11,1,306,107.58734832052141,NEX-DCP30
2.7078796386718977,1606780800000,rcp85_202012,2020-12-01,2020,12,1,336,180.33471889793873,NEX-DCP30
1.9962860107422102,1609459200000,rcp85_202101,2021-01-01,2021,1,1,1,183.12694877386093,NEX-DCP30
2.4619079589843977,1612137600000,rcp85_202102,2021-02-01,2021,2,1,32,98.33111835177988,NEX-DCP30
4.39246520996096,1614556800000,rcp85_202103,2021-03-01,2021,3,1,60,98.18902309052646,NEX-DCP30
7.731301879882835,1617235200000,rcp85_202104,2021-04-01,2021,4,1,91,71.38279778882861,NEX-DCP30
12.464196777343773,1619827200000,rcp85_202105,2021-05-01,2021,5,1,121,14.275141104008071,NEX-DCP30
16.803872680664085,1622505600000,rcp85_202106,2021-06-01,2021,6,1,152,1.868900197223411,NEX-DCP30
20.733316040039085,1625097600000,rcp85_202107,2021-07-01,2021,7,1,182,2.940902311820537,NEX-DCP30
20.407006835937523,1627776000000,rcp85_202108,2021-08-01,2021,8,1,213,1.938106101079029,NEX-DCP30
17.38996276855471,1630454400000,rcp85_202109,2021-09-01,2021,9,1,244,2.014269459323259,NEX-DCP30
12.089395141601585,1633046400000,rcp85_202110,2021-10-01,2021,10,1,274,9.096629757550545,NEX-DCP30
5.460839843750023,1635724800000,rcp85_202111,2021-11-01,2021,11,1,305,100.3519375808537,NEX-DCP30
2.1466461181640852,1638316800000,rcp85_202112,2021-12-01,2021,12,1,335,95.99186014384031,NEX-DCP30
2.2861724853515852,1640995200000,rcp85_202201,2022-01-01,2022,1,1,1,157.27827523369342,NEX-DCP30
3.3806854248047102,1643673600000,rcp85_202202,2022-02-01,2022,2,1,32,108.71050343848765,NEX-DCP30
4.642144775390648,1646092800000,rcp85_202203,2022-03-01,2022,3,1,60,90.65185440704226,NEX-DCP30
7.200463867187523,1648771200000,rcp85_202204,2022-04-01,2022,4,1,91,94.5695685222745,NEX-DCP30
12.028161621093773,1651363200000,rcp85_202205,2022-05-01,2022,5,1,121,23.58817876665853,NEX-DCP30
16.69617614746096,1654041600000,rcp85_202206,2022-06-01,2022,6,1,152,5.461574437504169,NEX-DCP30
20.849160766601585,1656633600000,rcp85_202207,2022-07-01,2022,7,1,182,2.723022498685168,NEX-DCP30
20.770791625976585,1659312000000,rcp85_202208,2022-08-01,2022,8,1,213,2.5212417349393945,NEX-DCP30
18.058709716796898,1661990400000,rcp85_202209,2022-09-01,2022,9,1,244,3.2650202920194715,NEX-DCP30
11.94367370605471,1664582400000,rcp85_202210,2022-10-01,2022,10,1,274,7.759870873996988,NEX-DCP30
5.705041503906273,1667260800000,rcp85_202211,2022-11-01,2022,11,1,305,56.837076670490205,NEX-DCP30
2.9245086669922102,1669852800000,rcp85_202212,2022-12-01,2022,12,1,335,129.07638761680573,NEX-DCP30
2.9805999755859602,1672531200000,rcp85_202301,2023-01-01,2023,1,1,1,186.319749802351,NEX-DCP30
3.1596618652343977,1675209600000,rcp85_202302,2023-02-01,2023,2,1,32,108.35061175748706,NEX-DCP30
4.380761718750023,1677628800000,rcp85_202303,2023-03-01,2023,3,1,60,114.70130528323352,NEX-DCP30
7.60462341308596,1680307200000,rcp85_202304,2023-04-01,2023,4,1,91,63.84146120399237,NEX-DCP30
12.669030761718773,1682899200000,rcp85_202305,2023-05-01,2023,5,1,121,11.748604330932721,NEX-DCP30
17.641320800781273,1685577600000,rcp85_202306,2023-06-01,2023,6,1,152,7.344351972278673,NEX-DCP30
21.31122741699221,1688169600000,rcp85_202307,2023-07-01,2023,7,1,182,3.6930803216819186,NEX-DCP30
21.03174743652346,1690848000000,rcp85_202308,2023-08-01,2023,8,1,213,2.9758691889583133,NEX-DCP30
17.315469360351585,1693526400000,rcp85_202309,2023-09-01,2023,9,1,244,4.6915272578189615,NEX-DCP30
11.77033386230471,1696118400000,rcp85_202310,2023-10-01,2023,10,1,274,19.67674597108271,NEX-DCP30
5.811059570312523,1698796800000,rcp85_202311,2023-11-01,2023,11,1,305,65.83176139974967,NEX-DCP30
3.6027160644531477,1701388800000,rcp85_202312,2023-12-01,2023,12,1,335,132.00018927454948,NEX-DCP30
2.7537170410156477,1704067200000,rcp85_202401,2024-01-01,2024,1,1,1,130.31914830207825,NEX-DCP30
2.9441467285156477,1706745600000,rcp85_202402,2024-02-01,2024,2,1,32,131.2619709642604,NEX-DCP30
4.741540527343773,1709251200000,rcp85_202403,2024-03-01,2024,3,1,61,129.07784921117127,NEX-DCP30
7.454980468750023,1711929600000,rcp85_202404,2024-04-01,2024,4,1,92,93.22865470312536,NEX-DCP30
12.53528747558596,1714521600000,rcp85_202405,2024-05-01,2024,5,1,122,14.599101137719117,NEX-DCP30
17.460198974609398,1717200000000,rcp85_202406,2024-06-01,2024,6,1,153,3.845415289106313,NEX-DCP30
21.032144165039085,1719792000000,rcp85_202407,2024-07-01,2024,7,1,183,2.5676432305772323,NEX-DCP30
20.584069824218773,1722470400000,rcp85_202408,2024-08-01,2024,8,1,214,3.2748356643423904,NEX-DCP30
17.81531677246096,1725148800000,rcp85_202409,2024-09-01,2024,9,1,245,3.4781914728228003,NEX-DCP30
11.51886901855471,1727740800000,rcp85_202410,2024-10-01,2024,10,1,275,13.016142576816492,NEX-DCP30
5.984429931640648,1730419200000,rcp85_202411,2024-11-01,2024,11,1,306,62.20198608934879,NEX-DCP30
1.9316192626953352,1733011200000,rcp85_202412,2024-12-01,2024,12,1,336,124.03101101517677,NEX-DCP30
2.5107360839843977,1735689600000,rcp85_202501,2025-01-01,2025,1,1,1,150.11277585290372,NEX-DCP30
3.6121612548828352,1738368000000,rcp85_202502,2025-02-01,2025,2,1,32,181.60457094199955,NEX-DCP30
4.969400024414085,1740787200000,rcp85_202503,2025-03-01,2025,3,1,60,105.26760946959257,NEX-DCP30
7.485772705078148,1743465600000,rcp85_202504,2025-04-01,2025,4,1,91,77.6572055183351,NEX-DCP30
11.940454101562523,1746057600000,rcp85_202505,2025-05-01,2025,5,1,121,24.14180713822134,NEX-DCP30
17.773492431640648,1748736000000,rcp85_202506,2025-06-01,2025,6,1,152,3.5225865176471416,NEX-DCP30
21.11310729980471,1751328000000,rcp85_202507,2025-07-01,2025,7,1,182,2.682492722669849,NEX-DCP30
21.150231933593773,1754006400000,rcp85_202508,2025-08-01,2025,8,1,213,3.947160526877269,NEX-DCP30
17.767083740234398,1756684800000,rcp85_202509,2025-09-01,2025,9,1,244,5.223887957981788,NEX-DCP30
12.523171997070335,1759276800000,rcp85_202510,2025-10-01,2025,10,1,274,20.697114465292543,NEX-DCP30
5.983209228515648,1761955200000,rcp85_202511,2025-11-01,2025,11,1,305,84.25322058610618,NEX-DCP30
1.9496398925781477,1764547200000,rcp85_202512,2025-12-01,2025,12,1,335,104.61884073447436,NEX-DCP30
2.1212860107422102,1767225600000,rcp85_202601,2026-01-01,2026,1,1,1,206.14866307005286,NEX-DCP30
3.3562255859375227,1769904000000,rcp85_202602,2026-02-01,2026,2,1,32,118.89583594165742,NEX-DCP30
4.488671875000023,1772323200000,rcp85_202603,2026-03-01,2026,3,1,60,151.8402200890705,NEX-DCP30
8.07599792480471,1775001600000,rcp85_202604,2026-04-01,2026,4,1,91,75.70723118260503,NEX-DCP30
12.265954589843773,1777593600000,rcp85_202605,2026-05-01,2026,5,1,121,18.4622164524626,NEX-DCP30
17.390176391601585,1780272000000,rcp85_202606,2026-06-01,2026,6,1,152,4.790742699697148,NEX-DCP30
21.176995849609398,1782864000000,rcp85_202607,2026-07-01,2026,7,1,182,1.7820857647166122,NEX-DCP30
21.061761474609398,1785542400000,rcp85_202608,2026-08-01,2026,8,1,213,1.5266977861756459,NEX-DCP30
17.525628662109398,1788220800000,rcp85_202609,2026-09-01,2026,9,1,244,3.1092773933778517,NEX-DCP30
13.135766601562523,1790812800000,rcp85_202610,2026-10-01,2026,10,1,274,19.62830708362162,NEX-DCP30
6.27240905761721,1793491200000,rcp85_202611,2026-11-01,2026,11,1,305,71.61071221344173,NEX-DCP30
2.8450256347656477,1796083200000,rcp85_202612,2026-12-01,2026,12,1,335,114.92361850105226,NEX-DCP30
2.2180114746093977,1798761600000,rcp85_202701,2027-01-01,2027,1,1,1,199.57009283825755,NEX-DCP30
2.7801757812500227,1801440000000,rcp85_202702,2027-02-01,2027,2,1,32,112.53406258765608,NEX-DCP30
4.994439697265648,1803859200000,rcp85_202703,2027-03-01,2027,3,1,60,119.38031204044819,NEX-DCP30
7.681115722656273,1806537600000,rcp85_202704,2027-04-01,2027,4,1,91,88.04749127011746,NEX-DCP30
12.457238769531273,1809129600000,rcp85_202705,2027-05-01,2027,5,1,121,12.38861764431931,NEX-DCP30
16.726037597656273,1811808000000,rcp85_202706,2027-06-01,2027,6,1,152,6.443113437853754,NEX-DCP30
21.240640258789085,1814400000000,rcp85_202707,2027-07-01,2027,7,1,182,3.8726245184079744,NEX-DCP30
21.022088623046898,1817078400000,rcp85_202708,2027-08-01,2027,8,1,213,3.0710219289176166,NEX-DCP30
17.323480224609398,1819756800000,rcp85_202709,2027-09-01,2027,9,1,244,8.916170001612045,NEX-DCP30
12.605996704101585,1822348800000,rcp85_202710,2027-10-01,2027,10,1,274,24.169068230548874,NEX-DCP30
5.788568115234398,1825027200000,rcp85_202711,2027-11-01,2027,11,1,305,126.69937312602997,NEX-DCP30
2.3991333007812727,1827619200000,rcp85_202712,2027-12-01,2027,12,1,335,154.79455492459238,NEX-DCP30
2.7885223388672102,1830297600000,rcp85_202801,2028-01-01,2028,1,1,1,125.61075878329575,NEX-DCP30
4.20386657714846,1832976000000,rcp85_202802,2028-02-01,2028,2,1,32,118.69228770956397,NEX-DCP30
4.652856445312523,1835481600000,rcp85_202803,2028-03-01,2028,3,1,61,107.84914344549179,NEX-DCP30
7.67249450683596,1838160000000,rcp85_202804,2028-04-01,2028,4,1,92,54.539987817406654,NEX-DCP30
12.638833618164085,1840752000000,rcp85_202805,2028-05-01,2028,5,1,122,15.434807792189531,NEX-DCP30
17.07300720214846,1843430400000,rcp85_202806,2028-06-01,2028,6,1,153,3.4605303444550373,NEX-DCP30
21.21363220214846,1846022400000,rcp85_202807,2028-07-01,2028,7,1,183,3.0512034754792694,NEX-DCP30
21.237603759765648,1848700800000,rcp85_202808,2028-08-01,2028,8,1,214,2.21227748261299,NEX-DCP30
17.178735351562523,1851379200000,rcp85_202809,2028-09-01,2028,9,1,245,6.739946162269916,NEX-DCP30
12.67713317871096,1853971200000,rcp85_202810,2028-10-01,2028,10,1,275,19.661346188513562,NEX-DCP30
6.28797302246096,1856649600000,rcp85_202811,2028-11-01,2028,11,1,306,106.60792922135442,NEX-DCP30
3.5872283935547102,1859241600000,rcp85_202812,2028-12-01,2028,12,1,336,130.55356917902827,NEX-DCP30
3.0721069335937727,1861920000000,rcp85_202901,2029-01-01,2029,1,1,1,167.02349809929729,NEX-DCP30
3.9097686767578352,1864598400000,rcp85_202902,2029-02-01,2029,2,1,32,193.13609786331654,NEX-DCP30
5.063165283203148,1867017600000,rcp85_202903,2029-03-01,2029,3,1,60,131.0545188607648,NEX-DCP30
8.22321472167971,1869696000000,rcp85_202904,2029-04-01,2029,4,1,91,72.41037877975032,NEX-DCP30
11.962854003906273,1872288000000,rcp85_202905,2029-05-01,2029,5,1,121,22.51116995466873,NEX-DCP30
17.147698974609398,1874966400000,rcp85_202906,2029-06-01,2029,6,1,152,5.844588187756017,NEX-DCP30
21.077005004882835,1877558400000,rcp85_202907,2029-07-01,2029,7,1,182,3.2653632952133194,NEX-DCP30
20.50068054199221,1880236800000,rcp85_202908,2029-08-01,2029,8,1,213,1.2148157966294093,NEX-DCP30
16.976922607421898,1882915200000,rcp85_202909,2029-09-01,2029,9,1,244,5.3566732167382725,NEX-DCP30
12.230065917968773,1885507200000,rcp85_202910,2029-10-01,2029,10,1,274,21.19835646590218,NEX-DCP30
5.863992309570335,1888185600000,rcp85_202911,2029-11-01,2029,11,1,305,50.13542133383453,NEX-DCP30
2.5389190673828352,1890777600000,rcp85_202912,2029-12-01,2029,12,1,335,120.7131918054074,NEX-DCP30
2.5674224853515852,1893456000000,rcp85_203001,2030-01-01,2030,1,1,1,177.54277191124856,NEX-DCP30
3.1960693359375227,1896134400000,rcp85_203002,2030-02-01,2030,2,1,32,115.34732056315988,NEX-DCP30
4.679467773437523,1898553600000,rcp85_203003,2030-03-01,2030,3,1,60,128.644764656201,NEX-DCP30
8.211541748046898,1901232000000,rcp85_203004,2030-04-01,2030,4,1,91,78.62418692093343,NEX-DCP30
12.45173034667971,1903824000000,rcp85_203005,2030-05-01,2030,5,1,121,21.23272279277444,NEX-DCP30
17.72199401855471,1906502400000,rcp85_203006,2030-06-01,2030,6,1,152,2.496680466720136,NEX-DCP30
21.578759765625023,1909094400000,rcp85_203007,2030-07-01,2030,7,1,182,3.0183258531906176,NEX-DCP30
21.173440551757835,1911772800000,rcp85_203008,2030-08-01,2030,8,1,213,1.7882324173115194,NEX-DCP30
18.20594177246096,1914451200000,rcp85_203009,2030-09-01,2030,9,1,244,4.634422235540114,NEX-DCP30
12.393960571289085,1917043200000,rcp85_203010,2030-10-01,2030,10,1,274,19.199522444978356,NEX-DCP30
6.861535644531273,1919721600000,rcp85_203011,2030-11-01,2030,11,1,305,78.83505255449563,NEX-DCP30
3.2992797851562727,1922313600000,rcp85_203012,2030-12-01,2030,12,1,335,105.53497751243412,NEX-DCP30
2.2204071044922102,1924992000000,rcp85_203101,2031-01-01,2031,1,1,1,149.72169091925025,NEX-DCP30
3.0799499511718977,1927670400000,rcp85_203102,2031-02-01,2031,2,1,32,186.5993575192988,NEX-DCP30
4.705590820312523,1930089600000,rcp85_203103,2031-03-01,2031,3,1,60,75.31480252509937,NEX-DCP30
7.814263916015648,1932768000000,rcp85_203104,2031-04-01,2031,4,1,91,67.98500579316169,NEX-DCP30
12.588906860351585,1935360000000,rcp85_203105,2031-05-01,2031,5,1,121,16.650855483021587,NEX-DCP30
17.644876098632835,1938038400000,rcp85_203106,2031-06-01,2031,6,1,152,4.898268896795344,NEX-DCP30
21.432366943359398,1940630400000,rcp85_203107,2031-07-01,2031,7,1,182,1.968826250958955,NEX-DCP30
21.482690429687523,1943308800000,rcp85_203108,2031-08-01,2031,8,1,213,1.835162562201731,NEX-DCP30
18.113748168945335,1945987200000,rcp85_203109,2031-09-01,2031,9,1,244,3.6414285787031986,NEX-DCP30
12.064080810546898,1948579200000,rcp85_203110,2031-10-01,2031,10,1,274,28.634776506805792,NEX-DCP30
6.655496215820335,1951257600000,rcp85_203111,2031-11-01,2031,11,1,305,50.26137304957956,NEX-DCP30
3.3549591064453352,1953849600000,rcp85_203112,2031-12-01,2031,12,1,335,79.00779414921999,NEX-DCP30
2.0458312988281477,1956528000000,rcp85_203201,2032-01-01,2032,1,1,1,172.5595083553344,NEX-DCP30
3.4540039062500227,1959206400000,rcp85_203202,2032-02-01,2032,2,1,32,110.42566085234284,NEX-DCP30
4.542214965820335,1961712000000,rcp85_203203,2032-03-01,2032,3,1,61,115.01105956267565,NEX-DCP30
7.772561645507835,1964390400000,rcp85_203204,2032-04-01,2032,4,1,92,56.35162931866944,NEX-DCP30
12.858972167968773,1966982400000,rcp85_203205,2032-05-01,2032,5,1,122,9.095629036892205,NEX-DCP30
17.582391357421898,1969660800000,rcp85_203206,2032-06-01,2032,6,1,153,2.3062862892402336,NEX-DCP30
21.658563232421898,1972252800000,rcp85_203207,2032-07-01,2032,7,1,183,4.204984594252892,NEX-DCP30
21.277703857421898,1974931200000,rcp85_203208,2032-08-01,2032,8,1,214,1.9833785445371177,NEX-DCP30
17.118310546875023,1977609600000,rcp85_203209,2032-09-01,2032,9,1,245,8.567867349484004,NEX-DCP30
12.058877563476585,1980201600000,rcp85_203210,2032-10-01,2032,10,1,275,30.335242539877072,NEX-DCP30
6.427163696289085,1982880000000,rcp85_203211,2032-11-01,2032,11,1,306,79.01018927805126,NEX-DCP30
3.4424224853515852,1985472000000,rcp85_203212,2032-12-01,2032,12,1,336,84.81318096164614,NEX-DCP30
3.4595428466797102,1988150400000,rcp85_203301,2033-01-01,2033,1,1,1,178.21667063981295,NEX-DCP30
3.4742218017578352,1990828800000,rcp85_203302,2033-02-01,2033,2,1,32,157.6455880422145,NEX-DCP30
4.240045166015648,1993248000000,rcp85_203303,2033-03-01,2033,3,1,60,185.26327167637646,NEX-DCP30
7.253396606445335,1995926400000,rcp85_203304,2033-04-01,2033,4,1,91,87.73353137075901,NEX-DCP30
12.57630310058596,1998518400000,rcp85_203305,2033-05-01,2033,5,1,121,10.542302174144424,NEX-DCP30
16.986428833007835,2001196800000,rcp85_203306,2033-06-01,2033,6,1,152,3.7915903085377067,NEX-DCP30
21.165338134765648,2003788800000,rcp85_203307,2033-07-01,2033,7,1,182,2.7075163379777223,NEX-DCP30
20.69977722167971,2006467200000,rcp85_203308,2033-08-01,2033,8,1,213,3.5205676904297434,NEX-DCP30
17.74750671386721,2009145600000,rcp85_203309,2033-09-01,2033,9,1,244,9.143234579823911,NEX-DCP30
13.274636840820335,2011737600000,rcp85_203310,2033-10-01,2033,10,1,274,18.274500587722287,NEX-DCP30
5.712304687500023,2014416000000,rcp85_203311,2033-11-01,2033,11,1,305,105.54257780313492,NEX-DCP30
2.8234497070312727,2017008000000,rcp85_203312,2033-12-01,2033,12,1,335,122.78875010088086,NEX-DCP30
2.8341308593750227,2019686400000,rcp85_203401,2034-01-01,2034,1,1,1,173.06095780804753,NEX-DCP30
3.1549011230468977,2022364800000,rcp85_203402,2034-02-01,2034,2,1,32,148.19723856635392,NEX-DCP30
4.57758483886721,2024784000000,rcp85_203403,2034-03-01,2034,3,1,60,129.84363036230206,NEX-DCP30
7.758447265625023,2027462400000,rcp85_203404,2034-04-01,2034,4,1,91,57.72969592362642,NEX-DCP30
12.397210693359398,2030054400000,rcp85_203405,2034-05-01,2034,5,1,121,18.829664812074043,NEX-DCP30
17.324502563476585,2032732800000,rcp85_203406,2034-06-01,2034,6,1,152,2.890621697588358,NEX-DCP30
21.08069763183596,2035324800000,rcp85_203407,2034-07-01,2034,7,1,182,2.6617643088684417,NEX-DCP30
20.903604125976585,2038003200000,rcp85_203408,2034-08-01,2034,8,1,213,1.5684934915043414,NEX-DCP30
18.18244323730471,2040681600000,rcp85_203409,2034-09-01,2034,9,1,244,5.096729837532621,NEX-DCP30
13.90046081542971,2043273600000,rcp85_203410,2034-10-01,2034,10,1,274,15.41503265616484,NEX-DCP30
6.710443115234398,2045952000000,rcp85_203411,2034-11-01,2034,11,1,305,80.71248466148973,NEX-DCP30
3.2078338623047102,2048544000000,rcp85_203412,2034-12-01,2034,12,1,335,119.16566512081772,NEX-DCP30
2.8686157226562727,2051222400000,rcp85_203501,2035-01-01,2035,1,1,1,156.56943968497217,NEX-DCP30
3.6287780761718977,2053900800000,rcp85_203502,2035-02-01,2035,2,1,32,93.20685337297618,NEX-DCP30
5.272790527343773,2056320000000,rcp85_203503,2035-03-01,2035,3,1,60,115.94829987734556,NEX-DCP30
7.53748474121096,2058998400000,rcp85_203504,2035-04-01,2035,4,1,91,57.61332000838593,NEX-DCP30
13.499551391601585,2061590400000,rcp85_203505,2035-05-01,2035,5,1,121,10.259656934067607,NEX-DCP30
18.279153442382835,2064268800000,rcp85_203506,2035-06-01,2035,6,1,152,4.557199958071578,NEX-DCP30
21.468774414062523,2066860800000,rcp85_203507,2035-07-01,2035,7,1,182,3.5300379968248308,NEX-DCP30
21.19165954589846,2069539200000,rcp85_203508,2035-08-01,2035,8,1,213,2.846203962690197,NEX-DCP30
18.368081665039085,2072217600000,rcp85_203509,2035-09-01,2035,9,1,244,3.54585445165867,NEX-DCP30
12.750512695312523,2074809600000,rcp85_203510,2035-10-01,2035,10,1,274,22.405218507628888,NEX-DCP30
7.171899414062523,2077488000000,rcp85_203511,2035-11-01,2035,11,1,305,80.5103131569922,NEX-DCP30
3.3760314941406477,2080080000000,rcp85_203512,2035-12-01,2035,12,1,335,127.70070671103895,NEX-DCP30
2.5095001220703352,2082758400000,rcp85_203601,2036-01-01,2036,1,1,1,138.24263052083552,NEX-DCP30
3.1937500000000227,2085436800000,rcp85_203602,2036-02-01,2036,2,1,32,199.48641420342028,NEX-DCP30
5.541314697265648,2087942400000,rcp85_203603,2036-03-01,2036,3,1,61,107.27821639738977,NEX-DCP30
8.74750671386721,2090620800000,rcp85_203604,2036-04-01,2036,4,1,92,58.533846284262836,NEX-DCP30
12.63129577636721,2093212800000,rcp85_203605,2036-05-01,2036,5,1,122,9.09458411479136,NEX-DCP30
18.108804321289085,2095891200000,rcp85_203606,2036-06-01,2036,6,1,153,4.0917835212894715,NEX-DCP30
22.165246582031273,2098483200000,rcp85_203607,2036-07-01,2036,7,1,183,3.039097584405681,NEX-DCP30
21.448220825195335,2101161600000,rcp85_203608,2036-08-01,2036,8,1,214,2.721264165302273,NEX-DCP30
17.880975341796898,2103840000000,rcp85_203609,2036-09-01,2036,9,1,245,2.76873533584876,NEX-DCP30
13.219033813476585,2106432000000,rcp85_203610,2036-10-01,2036,10,1,275,33.900405949680135,NEX-DCP30
6.320062255859398,2109110400000,rcp85_203611,2036-11-01,2036,11,1,306,37.699485750636086,NEX-DCP30
4.003930664062523,2111702400000,rcp85_203612,2036-12-01,2036,12,1,336,96.82652482297271,NEX-DCP30
2.7366729736328352,2114380800000,rcp85_203701,2037-01-01,2037,1,1,1,128.80074977874756,NEX-DCP30
4.42334899902346,2117059200000,rcp85_203702,2037-02-01,2037,2,1,32,100.04428611136973,NEX-DCP30
5.500588989257835,2119478400000,rcp85_203703,2037-03-01,2037,3,1,60,96.66324115823954,NEX-DCP30
8.758386230468773,2122156800000,rcp85_203704,2037-04-01,2037,4,1,91,57.070969487540424,NEX-DCP30
12.48609313964846,2124748800000,rcp85_203705,2037-05-01,2037,5,1,121,12.749534798786044,NEX-DCP30
17.706704711914085,2127427200000,rcp85_203706,2037-06-01,2037,6,1,152,3.5398227228142787,NEX-DCP30
21.98475036621096,2130019200000,rcp85_203707,2037-07-01,2037,7,1,182,3.4827831186703406,NEX-DCP30
21.324914550781273,2132697600000,rcp85_203708,2037-08-01,2037,8,1,213,2.0477455691434443,NEX-DCP30
18.205255126953148,2135376000000,rcp85_203709,2037-09-01,2037,9,1,244,3.058309004700277,NEX-DCP30
13.182473754882835,2137968000000,rcp85_203710,2037-10-01,2037,10,1,274,17.843132227426395,NEX-DCP30
6.846292114257835,2140646400000,rcp85_203711,2037-11-01,2037,11,1,305,98.09021931141615,NEX-DCP30
4.002770996093773,2143238400000,rcp85_203712,2037-12-01,2037,12,1,335,128.73478943947703,NEX-DCP30
3.0629211425781477,2145916800000,rcp85_203801,2038-01-01,2038,1,1,1,175.6425672210753,NEX-DCP30
3.3515106201172102,2148595200000,rcp85_203802,2038-02-01,2038,2,1,32,106.73390922602266,NEX-DCP30
5.164025878906273,2151014400000,rcp85_203803,2038-03-01,2038,3,1,60,105.97777459770441,NEX-DCP30
8.814233398437523,2153692800000,rcp85_203804,2038-04-01,2038,4,1,91,61.98630190920085,NEX-DCP30
13.24976501464846,2156284800000,rcp85_203805,2038-05-01,2038,5,1,121,28.652082255575806,NEX-DCP30
17.80945739746096,2158963200000,rcp85_203806,2038-06-01,2038,6,1,152,5.67617538763443,NEX-DCP30
21.805215454101585,2161555200000,rcp85_203807,2038-07-01,2038,7,1,182,2.2686879528919235,NEX-DCP30
21.055581665039085,2164233600000,rcp85_203808,2038-08-01,2038,8,1,213,2.8517765858850908,NEX-DCP30
18.463845825195335,2166912000000,rcp85_203809,2038-09-01,2038,9,1,244,6.305685259576421,NEX-DCP30
12.797158813476585,2169504000000,rcp85_203810,2038-10-01,2038,10,1,274,15.472710234462284,NEX-DCP30
6.814935302734398,2172182400000,rcp85_203811,2038-11-01,2038,11,1,305,90.0382959516719,NEX-DCP30
3.9014678955078352,2174774400000,rcp85_203812,2038-12-01,2038,12,1,335,164.97696423903108,NEX-DCP30
3.1357360839843977,2177452800000,rcp85_203901,2039-01-01,2039,1,1,1,132.17186531983316,NEX-DCP30
3.4659820556640852,2180131200000,rcp85_203902,2039-02-01,2039,2,1,32,167.15641831979156,NEX-DCP30
5.192483520507835,2182550400000,rcp85_203903,2039-03-01,2039,3,1,60,126.99992407578975,NEX-DCP30
8.359643554687523,2185228800000,rcp85_203904,2039-04-01,2039,4,1,91,64.52601542696357,NEX-DCP30
12.469628906250023,2187820800000,rcp85_203905,2039-05-01,2039,5,1,121,11.794051664764993,NEX-DCP30
18.183450317382835,2190499200000,rcp85_203906,2039-06-01,2039,6,1,152,3.7463168337126262,NEX-DCP30
22.119302368164085,2193091200000,rcp85_203907,2039-07-01,2039,7,1,182,2.3641979878448183,NEX-DCP30
21.632501220703148,2195769600000,rcp85_203908,2039-08-01,2039,8,1,213,2.727346283791121,NEX-DCP30
17.918450927734398,2198448000000,rcp85_203909,2039-09-01,2039,9,1,244,4.218175483401865,NEX-DCP30
12.836389160156273,2201040000000,rcp85_203910,2039-10-01,2039,10,1,274,24.067546357400715,NEX-DCP30
6.823297119140648,2203718400000,rcp85_203911,2039-11-01,2039,11,1,305,47.73407836910337,NEX-DCP30
4.105401611328148,2206310400000,rcp85_203912,2039-12-01,2039,12,1,335,123.74508543871343,NEX-DCP30
2.8415161132812727,2208988800000,rcp85_204001,2040-01-01,2040,1,1,1,135.20373066421598,NEX-DCP30
3.5522094726562727,2211667200000,rcp85_204002,2040-02-01,2040,2,1,32,149.01101659052074,NEX-DCP30
4.969598388671898,2214172800000,rcp85_204003,2040-03-01,2040,3,1,61,115.94208574388176,NEX-DCP30
9.344705200195335,2216851200000,rcp85_204004,2040-04-01,2040,4,1,92,50.09774991776794,NEX-DCP30
13.74640808105471,2219443200000,rcp85_204005,2040-05-01,2040,5,1,122,9.293353286921047,NEX-DCP30
18.293801879882835,2222121600000,rcp85_204006,2040-06-01,2040,6,1,153,1.9176235946360976,NEX-DCP30
22.185968017578148,2224713600000,rcp85_204007,2040-07-01,2040,7,1,183,2.775535285763908,NEX-DCP30
21.77289733886721,2227392000000,rcp85_204008,2040-08-01,2040,8,1,214,2.1117137494002236,NEX-DCP30
18.356851196289085,2230070400000,rcp85_204009,2040-09-01,2040,9,1,245,4.6724440217076335,NEX-DCP30
13.653680419921898,2232662400000,rcp85_204010,2040-10-01,2040,10,1,275,12.981865831534378,NEX-DCP30
6.60425720214846,2235340800000,rcp85_204011,2040-11-01,2040,11,1,306,78.89999449253082,NEX-DCP30
3.7240997314453352,2237932800000,rcp85_204012,2040-12-01,2040,12,1,336,148.64674012642354,NEX-DCP30
3.0199676513672102,2240611200000,rcp85_204101,2041-01-01,2041,1,1,1,129.94211353361607,NEX-DCP30
4.362542724609398,2243289600000,rcp85_204102,2041-02-01,2041,2,1,32,148.02919293288141,NEX-DCP30
5.529321289062523,2245708800000,rcp85_204103,2041-03-01,2041,3,1,60,170.33171793445945,NEX-DCP30
8.078240966796898,2248387200000,rcp85_204104,2041-04-01,2041,4,1,91,82.59265136439353,NEX-DCP30
12.955438232421898,2250979200000,rcp85_204105,2041-05-01,2041,5,1,121,11.680021372740157,NEX-DCP30
18.358605957031273,2253657600000,rcp85_204106,2041-06-01,2041,6,1,152,3.241670143324882,NEX-DCP30
21.678216552734398,2256249600000,rcp85_204107,2041-07-01,2041,7,1,182,2.6041957607958466,NEX-DCP30
21.48700866699221,2258928000000,rcp85_204108,2041-08-01,2041,8,1,213,2.268963769893162,NEX-DCP30
18.700433349609398,2261606400000,rcp85_204109,2041-09-01,2041,9,1,244,3.6680396151496097,NEX-DCP30
13.623559570312523,2264198400000,rcp85_204110,2041-10-01,2041,10,1,274,10.657202350557782,NEX-DCP30
6.308801269531273,2266876800000,rcp85_204111,2041-11-01,2041,11,1,305,54.962105699814856,NEX-DCP30
3.4731384277343977,2269468800000,rcp85_204112,2041-12-01,2041,12,1,335,97.79699519276619,NEX-DCP30
2.9403472900390852,2272147200000,rcp85_204201,2042-01-01,2042,1,1,1,120.62449660152197,NEX-DCP30
4.041665649414085,2274825600000,rcp85_204202,2042-02-01,2042,2,1,32,166.97093727998435,NEX-DCP30
5.001519775390648,2277244800000,rcp85_204203,2042-03-01,2042,3,1,60,79.53127124346793,NEX-DCP30
7.980065917968773,2279923200000,rcp85_204204,2042-04-01,2042,4,1,91,73.43670562840998,NEX-DCP30
12.80890808105471,2282515200000,rcp85_204205,2042-05-01,2042,5,1,121,21.041515603428707,NEX-DCP30
18.45350036621096,2285193600000,rcp85_204206,2042-06-01,2042,6,1,152,3.4259639323863667,NEX-DCP30
22.148461914062523,2287785600000,rcp85_204207,2042-07-01,2042,7,1,182,1.8466085257387022,NEX-DCP30
21.638116455078148,2290464000000,rcp85_204208,2042-08-01,2042,8,1,213,2.359138101382996,NEX-DCP30
17.79407653808596,2293142400000,rcp85_204209,2042-09-01,2042,9,1,244,6.165569633594714,NEX-DCP30
13.514794921875023,2295734400000,rcp85_204210,2042-10-01,2042,10,1,274,5.24756932281889,NEX-DCP30
6.894921875000023,2298412800000,rcp85_204211,2042-11-01,2042,11,1,305,72.98236666247249,NEX-DCP30
4.435754394531273,2301004800000,rcp85_204212,2042-12-01,2042,12,1,335,122.10237595718354,NEX-DCP30
2.4764343261718977,2303683200000,rcp85_204301,2043-01-01,2043,1,1,1,153.42406975105405,NEX-DCP30
3.4893432617187727,2306361600000,rcp85_204302,2043-02-01,2043,2,1,32,146.6042515821755,NEX-DCP30
5.571649169921898,2308780800000,rcp85_204303,2043-03-01,2043,3,1,60,85.9410697594285,NEX-DCP30
8.724328613281273,2311459200000,rcp85_204304,2043-04-01,2043,4,1,91,58.23445989517495,NEX-DCP30
13.104943847656273,2314051200000,rcp85_204305,2043-05-01,2043,5,1,121,11.007746899849735,NEX-DCP30
17.662316894531273,2316729600000,rcp85_204306,2043-06-01,2043,6,1,152,5.353547880076803,NEX-DCP30
21.676141357421898,2319321600000,rcp85_204307,2043-07-01,2043,7,1,182,2.144048430636758,NEX-DCP30
21.517816162109398,2322000000000,rcp85_204308,2043-08-01,2043,8,1,213,1.6474178191856481,NEX-DCP30
18.795083618164085,2324678400000,rcp85_204309,2043-09-01,2043,9,1,244,3.4137737638957333,NEX-DCP30
13.617059326171898,2327270400000,rcp85_204310,2043-10-01,2043,10,1,274,30.400950636249036,NEX-DCP30
6.949624633789085,2329948800000,rcp85_204311,2043-11-01,2043,11,1,305,59.715960233006626,NEX-DCP30
3.5543457031250227,2332540800000,rcp85_204312,2043-12-01,2043,12,1,335,104.05029938556254,NEX-DCP30
2.7376037597656477,2335219200000,rcp85_204401,2044-01-01,2044,1,1,1,168.56224578805268,NEX-DCP30
3.3857513427734602,2337897600000,rcp85_204402,2044-02-01,2044,2,1,32,162.45304537005723,NEX-DCP30
4.70643005371096,2340403200000,rcp85_204403,2044-03-01,2044,3,1,61,162.89993491955101,NEX-DCP30
8.40686950683596,2343081600000,rcp85_204404,2044-04-01,2044,4,1,92,73.56955984141678,NEX-DCP30
13.059655761718773,2345673600000,rcp85_204405,2044-05-01,2044,5,1,122,18.047010496957228,NEX-DCP30
17.50190124511721,2348352000000,rcp85_204406,2044-06-01,2044,6,1,153,4.6789690386503935,NEX-DCP30
21.846551513671898,2350944000000,rcp85_204407,2044-07-01,2044,7,1,183,2.577430903329514,NEX-DCP30
21.666421508789085,2353622400000,rcp85_204408,2044-08-01,2044,8,1,214,2.1483554191945586,NEX-DCP30
18.393182373046898,2356300800000,rcp85_204409,2044-09-01,2044,9,1,245,5.12279925897019,NEX-DCP30
13.573403930664085,2358892800000,rcp85_204410,2044-10-01,2044,10,1,275,12.961287997313775,NEX-DCP30
7.140039062500023,2361571200000,rcp85_204411,2044-11-01,2044,11,1,306,98.87712285853922,NEX-DCP30
3.0859466552734602,2364163200000,rcp85_204412,2044-12-01,2044,12,1,336,149.183607310988,NEX-DCP30
3.1398559570312727,2366841600000,rcp85_204501,2045-01-01,2045,1,1,1,120.07168389391154,NEX-DCP30
3.8288513183593977,2369520000000,rcp85_204502,2045-02-01,2045,2,1,32,117.32500861398876,NEX-DCP30
5.331414794921898,2371939200000,rcp85_204503,2045-03-01,2045,3,1,60,108.6697296705097,NEX-DCP30
8.77729187011721,2374617600000,rcp85_204504,2045-04-01,2045,4,1,91,58.88726923149079,NEX-DCP30
13.646463012695335,2377209600000,rcp85_204505,2045-05-01,2045,5,1,121,11.779828229919076,NEX-DCP30
18.47437438964846,2379888000000,rcp85_204506,2045-06-01,2045,6,1,152,3.8554664024559315,NEX-DCP30
22.169519042968773,2382480000000,rcp85_204507,2045-07-01,2045,7,1,182,1.7679379143373808,NEX-DCP30
21.49823913574221,2385158400000,rcp85_204508,2045-08-01,2045,8,1,213,4.080680118931923,NEX-DCP30
18.33735046386721,2387836800000,rcp85_204509,2045-09-01,2045,9,1,244,5.262612547085155,NEX-DCP30
13.856912231445335,2390428800000,rcp85_204510,2045-10-01,2045,10,1,274,14.495303184958175,NEX-DCP30
7.061502075195335,2393107200000,rcp85_204511,2045-11-01,2045,11,1,305,50.23524822900072,NEX-DCP30
4.346582031250023,2395699200000,rcp85_204512,2045-12-01,2045,12,1,335,134.52963391318917,NEX-DCP30
2.9168792724609602,2398377600000,rcp85_204601,2046-01-01,2046,1,1,1,179.37334813177586,NEX-DCP30
3.8619628906250227,2401056000000,rcp85_204602,2046-02-01,2046,2,1,32,106.69589834287763,NEX-DCP30
5.344842529296898,2403475200000,rcp85_204603,2046-03-01,2046,3,1,60,92.70978870335966,NEX-DCP30
9.024819946289085,2406153600000,rcp85_204604,2046-04-01,2046,4,1,91,45.98864709259942,NEX-DCP30
13.457742309570335,2408745600000,rcp85_204605,2046-05-01,2046,5,1,121,14.945728849852458,NEX-DCP30
18.445764160156273,2411424000000,rcp85_204606,2046-06-01,2046,6,1,152,1.5264501107594697,NEX-DCP30
22.713342285156273,2414016000000,rcp85_204607,2046-07-01,2046,7,1,182,3.2046384694695007,NEX-DCP30
21.691445922851585,2416694400000,rcp85_204608,2046-08-01,2046,8,1,213,1.5311431252484908,NEX-DCP30
18.599664306640648,2419372800000,rcp85_204609,2046-09-01,2046,9,1,244,4.1626805723353755,NEX-DCP30
13.783532714843773,2421964800000,rcp85_204610,2046-10-01,2046,10,1,274,13.382191813434474,NEX-DCP30
7.511590576171898,2424643200000,rcp85_204611,2046-11-01,2046,11,1,305,57.63992574065924,NEX-DCP30
4.19288024902346,2427235200000,rcp85_204612,2046-12-01,2046,12,1,335,149.1040965775028,NEX-DCP30
3.0735412597656477,2429913600000,rcp85_204701,2047-01-01,2047,1,1,1,155.7208379963413,NEX-DCP30
4.96381530761721,2432592000000,rcp85_204702,2047-02-01,2047,2,1,32,98.41837082058191,NEX-DCP30
5.503198242187523,2435011200000,rcp85_204703,2047-03-01,2047,3,1,60,73.42520146630704,NEX-DCP30
8.788018798828148,2437689600000,rcp85_204704,2047-04-01,2047,4,1,91,52.50285059446469,NEX-DCP30
13.080773925781273,2440281600000,rcp85_204705,2047-05-01,2047,5,1,121,10.918859567027539,NEX-DCP30
17.963235473632835,2442960000000,rcp85_204706,2047-06-01,2047,6,1,152,4.7556081517541315,NEX-DCP30
22.160745239257835,2445552000000,rcp85_204707,2047-07-01,2047,7,1,182,2.8438978260965087,NEX-DCP30
21.96344909667971,2448230400000,rcp85_204708,2047-08-01,2047,8,1,213,2.318129329069052,NEX-DCP30
18.528680419921898,2450908800000,rcp85_204709,2047-09-01,2047,9,1,244,7.344274767092429,NEX-DCP30
14.008782958984398,2453500800000,rcp85_204710,2047-10-01,2047,10,1,274,13.373761714319699,NEX-DCP30
7.342187500000023,2456179200000,rcp85_204711,2047-11-01,2047,11,1,305,74.27063479553908,NEX-DCP30
3.8544860839843977,2458771200000,rcp85_204712,2047-12-01,2047,12,1,335,150.88864671997726,NEX-DCP30
3.4316955566406477,2461449600000,rcp85_204801,2048-01-01,2048,1,1,1,159.98459164984524,NEX-DCP30
4.266717529296898,2464128000000,rcp85_204802,2048-02-01,2048,2,1,32,135.51047688815743,NEX-DCP30
5.03583679199221,2466633600000,rcp85_204803,2048-03-01,2048,3,1,61,135.37219120189548,NEX-DCP30
8.253808593750023,2469312000000,rcp85_204804,2048-04-01,2048,4,1,92,109.8938196664676,NEX-DCP30
13.283837890625023,2471904000000,rcp85_204805,2048-05-01,2048,5,1,122,8.609297066868749,NEX-DCP30
17.78083190917971,2474582400000,rcp85_204806,2048-06-01,2048,6,1,153,3.2853326229087543,NEX-DCP30
22.021951293945335,2477174400000,rcp85_204807,2048-07-01,2048,7,1,183,2.5635878955654334,NEX-DCP30
21.68750915527346,2479852800000,rcp85_204808,2048-08-01,2048,8,1,214,2.6420118629175704,NEX-DCP30
18.77253112792971,2482531200000,rcp85_204809,2048-09-01,2048,9,1,245,3.253580958698876,NEX-DCP30
13.495706176757835,2485123200000,rcp85_204810,2048-10-01,2048,10,1,275,10.003321571275592,NEX-DCP30
7.75104675292971,2487801600000,rcp85_204811,2048-11-01,2048,11,1,306,77.85454904660583,NEX-DCP30
4.14917907714846,2490393600000,rcp85_204812,2048-12-01,2048,12,1,336,113.8110151514411,NEX-DCP30
3.2369781494140852,2493072000000,rcp85_204901,2049-01-01,2049,1,1,1,147.50778093002737,NEX-DCP30
4.056695556640648,2495750400000,rcp85_204902,2049-02-01,2049,2,1,32,112.53261985257268,NEX-DCP30
5.651177978515648,2498169600000,rcp85_204903,2049-03-01,2049,3,1,60,95.71356314700097,NEX-DCP30
9.80506286621096,2500848000000,rcp85_204904,2049-04-01,2049,4,1,91,57.12737760040909,NEX-DCP30
13.635827636718773,2503440000000,rcp85_204905,2049-05-01,2049,5,1,121,20.444171415874735,NEX-DCP30
18.687234497070335,2506118400000,rcp85_204906,2049-06-01,2049,6,1,152,3.1618417488061823,NEX-DCP30
22.137490844726585,2508710400000,rcp85_204907,2049-07-01,2049,7,1,182,2.522460221371148,NEX-DCP30
22.861962890625023,2511388800000,rcp85_204908,2049-08-01,2049,8,1,213,4.2103146988665685,NEX-DCP30
18.302941894531273,2514067200000,rcp85_204909,2049-09-01,2049,9,1,244,5.392275415943004,NEX-DCP30
13.340798950195335,2516659200000,rcp85_204910,2049-10-01,2049,10,1,274,31.528542400337756,NEX-DCP30
6.942651367187523,2519337600000,rcp85_204911,2049-11-01,2049,11,1,305,68.31127608893439,NEX-DCP30
4.320397949218773,2521929600000,rcp85_204912,2049-12-01,2049,12,1,335,98.03362260572612,NEX-DCP30
3.6727691650390852,2524608000000,rcp85_205001,2050-01-01,2050,1,1,1,149.14807642344385,NEX-DCP30
3.9273162841797102,2527286400000,rcp85_205002,2050-02-01,2050,2,1,32,134.87291999626905,NEX-DCP30
5.492532348632835,2529705600000,rcp85_205003,2050-03-01,2050,3,1,60,90.982636786066,NEX-DCP30
9.224725341796898,2532384000000,rcp85_205004,2050-04-01,2050,4,1,91,57.49519960954785,NEX-DCP30
14.066979980468773,2534976000000,rcp85_205005,2050-05-01,2050,5,1,121,12.050026343786158,NEX-DCP30
17.966531372070335,2537654400000,rcp85_205006,2050-06-01,2050,6,1,152,2.3186934868135722,NEX-DCP30
22.50116882324221,2540246400000,rcp85_205007,2050-07-01,2050,7,1,182,3.1348476331913844,NEX-DCP30
22.346292114257835,2542924800000,rcp85_205008,2050-08-01,2050,8,1,213,3.8765171921113506,NEX-DCP30
18.619165039062523,2545603200000,rcp85_205009,2050-09-01,2050,9,1,244,6.062563770683482,NEX-DCP30
13.41773376464846,2548195200000,rcp85_205010,2050-10-01,2050,10,1,274,30.656696646474302,NEX-DCP30
7.413919067382835,2550873600000,rcp85_205011,2050-11-01,2050,11,1,305,36.608905327739194,NEX-DCP30
3.7508483886718977,2553465600000,rcp85_205012,2050-12-01,2050,12,1,335,142.17399875633419,NEX-DCP30
3.4388977050781477,2556144000000,rcp85_205101,2051-01-01,2051,1,1,1,162.10842970758677,NEX-DCP30
4.191262817382835,2558822400000,rcp85_205102,2051-02-01,2051,2,1,32,150.20698739681393,NEX-DCP30
5.836236572265648,2561241600000,rcp85_205103,2051-03-01,2051,3,1,60,111.97939224075526,NEX-DCP30
8.876870727539085,2563920000000,rcp85_205104,2051-04-01,2051,4,1,91,63.583782117348164,NEX-DCP30
13.288262939453148,2566512000000,rcp85_205105,2051-05-01,2051,5,1,121,23.259150300873443,NEX-DCP30
18.38648376464846,2569190400000,rcp85_205106,2051-06-01,2051,6,1,152,2.621080417156918,NEX-DCP30
21.855432128906273,2571782400000,rcp85_205107,2051-07-01,2051,7,1,182,4.80151547526475,NEX-DCP30
22.695184326171898,2574460800000,rcp85_205108,2051-08-01,2051,8,1,213,1.9314524579385761,NEX-DCP30
19.272500610351585,2577139200000,rcp85_205109,2051-09-01,2051,9,1,244,4.9286691755696665,NEX-DCP30
13.970986938476585,2579731200000,rcp85_205110,2051-10-01,2051,10,1,274,20.017282135086134,NEX-DCP30
8.031854248046898,2582409600000,rcp85_205111,2051-11-01,2051,11,1,305,46.90727329580113,NEX-DCP30
3.6336914062500227,2585001600000,rcp85_205112,2051-12-01,2051,12,1,335,133.04191001225263,NEX-DCP30
3.7366271972656477,2587680000000,rcp85_205201,2052-01-01,2052,1,1,1,173.1664566323161,NEX-DCP30
4.524133300781273,2590358400000,rcp85_205202,2052-02-01,2052,2,1,32,156.44845739006996,NEX-DCP30
5.585610961914085,2592864000000,rcp85_205203,2052-03-01,2052,3,1,61,144.31247161701322,NEX-DCP30
9.306604003906273,2595542400000,rcp85_205204,2052-04-01,2052,4,1,92,79.87047429196537,NEX-DCP30
13.148614501953148,2598134400000,rcp85_205205,2052-05-01,2052,5,1,122,12.043030728818849,NEX-DCP30
19.32331237792971,2600812800000,rcp85_205206,2052-06-01,2052,6,1,153,2.9075119527988136,NEX-DCP30
22.216531372070335,2603404800000,rcp85_205207,2052-07-01,2052,7,1,183,3.4222610302094836,NEX-DCP30
22.278833007812523,2606083200000,rcp85_205208,2052-08-01,2052,8,1,214,4.277343534340616,NEX-DCP30
18.804040527343773,2608761600000,rcp85_205209,2052-09-01,2052,9,1,245,12.138279533246532,NEX-DCP30
13.452386474609398,2611353600000,rcp85_205210,2052-10-01,2052,10,1,275,20.59583304799162,NEX-DCP30
7.50312194824221,2614032000000,rcp85_205211,2052-11-01,2052,11,1,306,49.49689790373668,NEX-DCP30
4.585839843750023,2616624000000,rcp85_205212,2052-12-01,2052,12,1,336,118.51344513706863,NEX-DCP30
3.3064056396484602,2619302400000,rcp85_205301,2053-01-01,2053,1,1,1,127.9262825846672,NEX-DCP30
4.544183349609398,2621980800000,rcp85_205302,2053-02-01,2053,2,1,32,126.93124799989164,NEX-DCP30
5.66626892089846,2624400000000,rcp85_205303,2053-03-01,2053,3,1,60,90.98700270988047,NEX-DCP30
8.354333496093773,2627078400000,rcp85_205304,2053-04-01,2053,4,1,91,58.47487330902368,NEX-DCP30
13.395806884765648,2629670400000,rcp85_205305,2053-05-01,2053,5,1,121,9.41781276196707,NEX-DCP30
19.083673095703148,2632348800000,rcp85_205306,2053-06-01,2053,6,1,152,4.582498801028123,NEX-DCP30
22.65113220214846,2634940800000,rcp85_205307,2053-07-01,2053,7,1,182,2.87039099202957,NEX-DCP30
22.498193359375023,2637619200000,rcp85_205308,2053-08-01,2053,8,1,213,3.94783474621363,NEX-DCP30
19.203942871093773,2640297600000,rcp85_205309,2053-09-01,2053,9,1,244,2.947006531030638,NEX-DCP30
14.163293457031273,2642889600000,rcp85_205310,2053-10-01,2053,10,1,274,19.20780049113091,NEX-DCP30
7.95331726074221,2645568000000,rcp85_205311,2053-11-01,2053,11,1,305,57.954154384788126,NEX-DCP30
4.946221923828148,2648160000000,rcp85_205312,2053-12-01,2053,12,1,335,120.92973408289254,NEX-DCP30
3.4912048339843977,2650838400000,rcp85_205401,2054-01-01,2054,1,1,1,134.77310724556446,NEX-DCP30
4.350991821289085,2653516800000,rcp85_205402,2054-02-01,2054,2,1,32,114.07708190381527,NEX-DCP30
5.963052368164085,2655936000000,rcp85_205403,2054-03-01,2054,3,1,60,73.67660984164104,NEX-DCP30
9.09589538574221,2658614400000,rcp85_205404,2054-04-01,2054,4,1,91,43.635102978441864,NEX-DCP30
13.663796997070335,2661206400000,rcp85_205405,2054-05-01,2054,5,1,121,10.697379693738185,NEX-DCP30
18.936318969726585,2663884800000,rcp85_205406,2054-06-01,2054,6,1,152,1.4523181034746813,NEX-DCP30
23.278466796875023,2666476800000,rcp85_205407,2054-07-01,2054,7,1,182,3.131989862595219,NEX-DCP30
22.286401367187523,2669155200000,rcp85_205408,2054-08-01,2054,8,1,213,2.271668603498256,NEX-DCP30
19.14515075683596,2671833600000,rcp85_205409,2054-09-01,2054,9,1,244,5.215116623730864,NEX-DCP30
14.497415161132835,2674425600000,rcp85_205410,2054-10-01,2054,10,1,274,24.171178112737834,NEX-DCP30
7.256219482421898,2677104000000,rcp85_205411,2054-11-01,2054,11,1,305,85.0434999447316,NEX-DCP30
4.572534179687523,2679696000000,rcp85_205412,2054-12-01,2054,12,1,335,103.68907812517136,NEX-DCP30
3.5679107666015852,2682374400000,rcp85_205501,2055-01-01,2055,1,1,1,173.1352445203811,NEX-DCP30
4.15607604980471,2685052800000,rcp85_205502,2055-02-01,2055,2,1,32,121.87481042928994,NEX-DCP30
5.779214477539085,2687472000000,rcp85_205503,2055-03-01,2055,3,1,60,83.2590440986678,NEX-DCP30
8.959466552734398,2690150400000,rcp85_205504,2055-04-01,2055,4,1,91,78.57966487063095,NEX-DCP30
13.84339294433596,2692742400000,rcp85_205505,2055-05-01,2055,5,1,121,12.314906140090898,NEX-DCP30
19.077416992187523,2695420800000,rcp85_205506,2055-06-01,2055,6,1,152,3.9935870699991938,NEX-DCP30
22.430902099609398,2698012800000,rcp85_205507,2055-07-01,2055,7,1,182,4.315548903832678,NEX-DCP30
22.737954711914085,2700691200000,rcp85_205508,2055-08-01,2055,8,1,213,2.4805993925838266,NEX-DCP30
19.659173583984398,2703369600000,rcp85_205509,2055-09-01,2055,9,1,244,3.4809805838449392,NEX-DCP30
14.297418212890648,2705961600000,rcp85_205510,2055-10-01,2055,10,1,274,16.853899229317904,NEX-DCP30
7.813623046875023,2708640000000,rcp85_205511,2055-11-01,2055,11,1,305,52.88922542240471,NEX-DCP30
4.276879882812523,2711232000000,rcp85_205512,2055-12-01,2055,12,1,335,96.35154437273741,NEX-DCP30
4.007989501953148,2713910400000,rcp85_205601,2056-01-01,2056,1,1,1,116.0967507166788,NEX-DCP30
4.587075805664085,2716588800000,rcp85_205602,2056-02-01,2056,2,1,32,76.96708309231326,NEX-DCP30
6.137506103515648,2719094400000,rcp85_205603,2056-03-01,2056,3,1,61,101.31111124064773,NEX-DCP30
9.068475341796898,2721772800000,rcp85_205604,2056-04-01,2056,4,1,92,49.3222939549014,NEX-DCP30
14.459146118164085,2724364800000,rcp85_205605,2056-05-01,2056,5,1,122,13.868940455722623,NEX-DCP30
18.735452270507835,2727043200000,rcp85_205606,2056-06-01,2056,6,1,153,1.8901459152402822,NEX-DCP30
23.110223388671898,2729635200000,rcp85_205607,2056-07-01,2056,7,1,183,4.177092894678935,NEX-DCP30
23.25483093261721,2732313600000,rcp85_205608,2056-08-01,2056,8,1,214,1.6067188989836723,NEX-DCP30
19.63526306152346,2734992000000,rcp85_205609,2056-09-01,2056,9,1,245,11.914385671843775,NEX-DCP30
14.115625000000023,2737584000000,rcp85_205610,2056-10-01,2056,10,1,275,29.221486416645348,NEX-DCP30
7.47809753417971,2740262400000,rcp85_205611,2056-11-01,2056,11,1,306,82.44744432158768,NEX-DCP30
4.094705200195335,2742854400000,rcp85_205612,2056-12-01,2056,12,1,336,161.46559221670032,NEX-DCP30
3.7844024658203352,2745532800000,rcp85_205701,2057-01-01,2057,1,1,1,169.63758319616318,NEX-DCP30
4.799172973632835,2748211200000,rcp85_205702,2057-02-01,2057,2,1,32,133.3856675773859,NEX-DCP30
5.595681762695335,2750630400000,rcp85_205703,2057-03-01,2057,3,1,60,139.55769769381732,NEX-DCP30
9.370278930664085,2753308800000,rcp85_205704,2057-04-01,2057,4,1,91,52.63515788828954,NEX-DCP30
13.586083984375023,2755900800000,rcp85_205705,2057-05-01,2057,5,1,121,14.348889148095623,NEX-DCP30
19.030541992187523,2758579200000,rcp85_205706,2057-06-01,2057,6,1,152,1.2668385370488977,NEX-DCP30
22.565118408203148,2761171200000,rcp85_205707,2057-07-01,2057,7,1,182,2.7104174259875435,NEX-DCP30
22.472207641601585,2763849600000,rcp85_205708,2057-08-01,2057,8,1,213,3.074319061852293,NEX-DCP30
19.458398437500023,2766528000000,rcp85_205709,2057-09-01,2057,9,1,244,4.136520979955094,NEX-DCP30
13.894281005859398,2769120000000,rcp85_205710,2057-10-01,2057,10,1,274,32.386566657805815,NEX-DCP30
8.133111572265648,2771798400000,rcp85_205711,2057-11-01,2057,11,1,305,59.5219312235713,NEX-DCP30
4.75745544433596,2774390400000,rcp85_205712,2057-12-01,2057,12,1,335,116.74839549232274,NEX-DCP30
4.027215576171898,2777068800000,rcp85_205801,2058-01-01,2058,1,1,1,211.05154836550355,NEX-DCP30
5.075173950195335,2779747200000,rcp85_205802,2058-02-01,2058,2,1,32,143.34112429060042,NEX-DCP30
5.552239990234398,2782166400000,rcp85_205803,2058-03-01,2058,3,1,60,110.6148948892951,NEX-DCP30
10.17365417480471,2784844800000,rcp85_205804,2058-04-01,2058,4,1,91,35.470405826345086,NEX-DCP30
13.680078125000023,2787436800000,rcp85_205805,2058-05-01,2058,5,1,121,12.847895384766161,NEX-DCP30
18.43525085449221,2790115200000,rcp85_205806,2058-06-01,2058,6,1,152,3.9983858732739463,NEX-DCP30
22.345559692382835,2792707200000,rcp85_205807,2058-07-01,2058,7,1,182,2.802194059768226,NEX-DCP30
22.090936279296898,2795385600000,rcp85_205808,2058-08-01,2058,8,1,213,2.383925238973461,NEX-DCP30
19.414300537109398,2798064000000,rcp85_205809,2058-09-01,2058,9,1,244,4.38265582852182,NEX-DCP30
14.579873657226585,2800656000000,rcp85_205810,2058-10-01,2058,10,1,274,5.052788299508393,NEX-DCP30
8.375390625000023,2803334400000,rcp85_205811,2058-11-01,2058,11,1,305,65.98376721376553,NEX-DCP30
4.769082641601585,2805926400000,rcp85_205812,2058-12-01,2058,12,1,335,64.30123164318502,NEX-DCP30
4.203851318359398,2808604800000,rcp85_205901,2059-01-01,2059,1,1,1,167.38669015467167,NEX-DCP30
4.851983642578148,2811283200000,rcp85_205902,2059-02-01,2059,2,1,32,106.81703151203692,NEX-DCP30
6.106408691406273,2813702400000,rcp85_205903,2059-03-01,2059,3,1,60,115.23351422511041,NEX-DCP30
9.52424011230471,2816380800000,rcp85_205904,2059-04-01,2059,4,1,91,34.41042694612406,NEX-DCP30
13.93543395996096,2818972800000,rcp85_205905,2059-05-01,2059,5,1,121,9.523345768684521,NEX-DCP30
19.03809509277346,2821651200000,rcp85_205906,2059-06-01,2059,6,1,152,2.9050148659734987,NEX-DCP30
22.724832153320335,2824243200000,rcp85_205907,2059-07-01,2059,7,1,182,4.192049484117888,NEX-DCP30
22.73945007324221,2826921600000,rcp85_205908,2059-08-01,2059,8,1,213,3.779413105803542,NEX-DCP30
19.593896484375023,2829600000000,rcp85_205909,2059-09-01,2059,9,1,244,13.624485261971131,NEX-DCP30
14.50855407714846,2832192000000,rcp85_205910,2059-10-01,2059,10,1,274,9.72495149471797,NEX-DCP30
8.292260742187523,2834870400000,rcp85_205911,2059-11-01,2059,11,1,305,75.52603119984269,NEX-DCP30
4.915628051757835,2837462400000,rcp85_205912,2059-12-01,2059,12,1,335,133.48729081917554,NEX-DCP30
4.013085937500023,2840140800000,rcp85_206001,2060-01-01,2060,1,1,1,189.69171401113272,NEX-DCP30
4.79078063964846,2842819200000,rcp85_206002,2060-02-01,2060,2,1,32,108.17076964303851,NEX-DCP30
5.86060485839846,2845324800000,rcp85_206003,2060-03-01,2060,3,1,61,111.5233936579898,NEX-DCP30
9.534356689453148,2848003200000,rcp85_206004,2060-04-01,2060,4,1,92,60.50229800166562,NEX-DCP30
13.72620544433596,2850595200000,rcp85_206005,2060-05-01,2060,5,1,122,9.161457950540353,NEX-DCP30
18.565911865234398,2853273600000,rcp85_206006,2060-06-01,2060,6,1,153,0.7482893879569019,NEX-DCP30
22.775979614257835,2855865600000,rcp85_206007,2060-07-01,2060,7,1,183,3.096249460213585,NEX-DCP30
22.860162353515648,2858544000000,rcp85_206008,2060-08-01,2060,8,1,214,3.9611664906260557,NEX-DCP30
19.736566162109398,2861222400000,rcp85_206009,2060-09-01,2060,9,1,245,6.481242191512138,NEX-DCP30
14.802209472656273,2863814400000,rcp85_206010,2060-10-01,2060,10,1,275,21.126903360709548,NEX-DCP30
8.214837646484398,2866492800000,rcp85_206011,2060-11-01,2060,11,1,306,50.43868802022189,NEX-DCP30
5.045709228515648,2869084800000,rcp85_206012,2060-12-01,2060,12,1,336,146.23388356994838,NEX-DCP30
4.069619750976585,2871763200000,rcp85_206101,2061-01-01,2061,1,1,1,146.22095553204417,NEX-DCP30
4.91089782714846,2874441600000,rcp85_206102,2061-02-01,2061,2,1,32,164.17046589776874,NEX-DCP30
5.61573181152346,2876860800000,rcp85_206103,2061-03-01,2061,3,1,60,89.03015416581184,NEX-DCP30
8.850305175781273,2879539200000,rcp85_206104,2061-04-01,2061,4,1,91,62.5220563961193,NEX-DCP30
13.908624267578148,2882131200000,rcp85_206105,2061-05-01,2061,5,1,121,20.323724253103137,NEX-DCP30
19.43634948730471,2884809600000,rcp85_206106,2061-06-01,2061,6,1,152,1.3539600222429726,NEX-DCP30
23.112527465820335,2887401600000,rcp85_206107,2061-07-01,2061,7,1,182,2.7544700569706038,NEX-DCP30
22.806695556640648,2890080000000,rcp85_206108,2061-08-01,2061,8,1,213,1.542871241326793,NEX-DCP30
19.376794433593773,2892758400000,rcp85_206109,2061-09-01,2061,9,1,244,5.0208106185891666,NEX-DCP30
14.710961914062523,2895350400000,rcp85_206110,2061-10-01,2061,10,1,274,19.06515831069555,NEX-DCP30
8.181497192382835,2898028800000,rcp85_206111,2061-11-01,2061,11,1,305,68.75087652588263,NEX-DCP30
4.29541931152346,2900620800000,rcp85_206112,2061-12-01,2061,12,1,335,119.56751870457083,NEX-DCP30
3.8577819824218977,2903299200000,rcp85_206201,2062-01-01,2062,1,1,1,176.8794155213982,NEX-DCP30
5.094293212890648,2905977600000,rcp85_206202,2062-02-01,2062,2,1,32,110.70150614250451,NEX-DCP30
6.132669067382835,2908396800000,rcp85_206203,2062-03-01,2062,3,1,60,91.75797016359866,NEX-DCP30
9.459252929687523,2911075200000,rcp85_206204,2062-04-01,2062,4,1,91,77.98532873857766,NEX-DCP30
14.398248291015648,2913667200000,rcp85_206205,2062-05-01,2062,5,1,121,9.449416204006411,NEX-DCP30
19.328942871093773,2916345600000,rcp85_206206,2062-06-01,2062,6,1,152,1.979345310246572,NEX-DCP30
23.31720886230471,2918937600000,rcp85_206207,2062-07-01,2062,7,1,182,1.8088103988702642,NEX-DCP30
22.984902954101585,2921616000000,rcp85_206208,2062-08-01,2062,8,1,213,3.181626903824508,NEX-DCP30
19.166177368164085,2924294400000,rcp85_206209,2062-09-01,2062,9,1,244,3.916842757462291,NEX-DCP30
15.251992797851585,2926886400000,rcp85_206210,2062-10-01,2062,10,1,274,21.819807530846447,NEX-DCP30
8.337365722656273,2929564800000,rcp85_206211,2062-11-01,2062,11,1,305,58.680326328612864,NEX-DCP30
5.03547058105471,2932156800000,rcp85_206212,2062-12-01,2062,12,1,335,105.49290245398879,NEX-DCP30
4.159478759765648,2934835200000,rcp85_206301,2063-01-01,2063,1,1,1,152.4701106827706,NEX-DCP30
4.324365234375023,2937513600000,rcp85_206302,2063-02-01,2063,2,1,32,135.85042487829924,NEX-DCP30
5.787042236328148,2939932800000,rcp85_206303,2063-03-01,2063,3,1,60,122.42086208425462,NEX-DCP30
9.609429931640648,2942611200000,rcp85_206304,2063-04-01,2063,4,1,91,53.05003852117807,NEX-DCP30
13.931558227539085,2945203200000,rcp85_206305,2063-05-01,2063,5,1,121,12.297033434151672,NEX-DCP30
18.809075927734398,2947881600000,rcp85_206306,2063-06-01,2063,6,1,152,1.8706881455727853,NEX-DCP30
22.909906005859398,2950473600000,rcp85_206307,2063-07-01,2063,7,1,182,2.317077924089972,NEX-DCP30
23.041741943359398,2953152000000,rcp85_206308,2063-08-01,2063,8,1,213,3.4748121252050623,NEX-DCP30
20.02399597167971,2955830400000,rcp85_206309,2063-09-01,2063,9,1,244,9.5991954440251,NEX-DCP30
14.957864379882835,2958422400000,rcp85_206310,2063-10-01,2063,10,1,274,8.900846245524008,NEX-DCP30
8.21643981933596,2961100800000,rcp85_206311,2063-11-01,2063,11,1,305,38.295356556773186,NEX-DCP30
5.10767517089846,2963692800000,rcp85_206312,2063-12-01,2063,12,1,335,106.46753129549325,NEX-DCP30
4.235650634765648,2966371200000,rcp85_206401,2064-01-01,2064,1,1,1,86.99375716969371,NEX-DCP30
4.353738403320335,2969049600000,rcp85_206402,2064-02-01,2064,2,1,32,178.01649821922183,NEX-DCP30
5.93250427246096,2971555200000,rcp85_206403,2064-03-01,2064,3,1,61,104.23727030865848,NEX-DCP30
8.899957275390648,2974233600000,rcp85_206404,2064-04-01,2064,4,1,92,60.97139907069504,NEX-DCP30
14.263345336914085,2976825600000,rcp85_206405,2064-05-01,2064,5,1,122,8.315411694638897,NEX-DCP30
19.181665039062523,2979504000000,rcp85_206406,2064-06-01,2064,6,1,153,5.766145361121744,NEX-DCP30
22.74653015136721,2982096000000,rcp85_206407,2064-07-01,2064,7,1,183,3.8871614888194017,NEX-DCP30
23.544473266601585,2984774400000,rcp85_206408,2064-08-01,2064,8,1,214,2.455792217006092,NEX-DCP30
19.795159912109398,2987452800000,rcp85_206409,2064-09-01,2064,9,1,245,4.514676402322948,NEX-DCP30
15.204034423828148,2990044800000,rcp85_206410,2064-10-01,2064,10,1,275,10.70471123966854,NEX-DCP30
8.93561706542971,2992723200000,rcp85_206411,2064-11-01,2064,11,1,306,52.87340719951317,NEX-DCP30
5.520425415039085,2995315200000,rcp85_206412,2064-12-01,2064,12,1,336,109.92437170352787,NEX-DCP30
4.418542480468773,2997993600000,rcp85_206501,2065-01-01,2065,1,1,1,130.35791355650872,NEX-DCP30
5.099725341796898,3000672000000,rcp85_206502,2065-02-01,2065,2,1,32,111.0293559031561,NEX-DCP30
6.77088317871096,3003091200000,rcp85_206503,2065-03-01,2065,3,1,60,111.31438566371799,NEX-DCP30
9.490396118164085,3005769600000,rcp85_206504,2065-04-01,2065,4,1,91,41.75191407557577,NEX-DCP30
14.274560546875023,3008361600000,rcp85_206505,2065-05-01,2065,5,1,121,13.478193810442463,NEX-DCP30
19.275048828125023,3011040000000,rcp85_206506,2065-06-01,2065,6,1,152,4.080656544829253,NEX-DCP30
23.438165283203148,3013632000000,rcp85_206507,2065-07-01,2065,7,1,182,2.2566666339116637,NEX-DCP30
23.366021728515648,3016310400000,rcp85_206508,2065-08-01,2065,8,1,213,1.9204837226425298,NEX-DCP30
20.028482055664085,3018988800000,rcp85_206509,2065-09-01,2065,9,1,244,4.48660642359755,NEX-DCP30
14.625634765625023,3021580800000,rcp85_206510,2065-10-01,2065,10,1,274,6.879931541334372,NEX-DCP30
7.905557250976585,3024259200000,rcp85_206511,2065-11-01,2065,11,1,305,63.790338404942304,NEX-DCP30
5.638101196289085,3026851200000,rcp85_206512,2065-12-01,2065,12,1,335,125.12107752263546,NEX-DCP30
3.9872070312500227,3029529600000,rcp85_206601,2066-01-01,2066,1,1,1,162.0936063118279,NEX-DCP30
5.86493835449221,3032208000000,rcp85_206602,2066-02-01,2066,2,1,32,79.35730379540473,NEX-DCP30
6.062829589843773,3034627200000,rcp85_206603,2066-03-01,2066,3,1,60,131.52750965673476,NEX-DCP30
9.16748962402346,3037305600000,rcp85_206604,2066-04-01,2066,4,1,91,66.89146917778999,NEX-DCP30
14.13160095214846,3039897600000,rcp85_206605,2066-05-01,2066,5,1,121,19.58833247772418,NEX-DCP30
19.124291992187523,3042576000000,rcp85_206606,2066-06-01,2066,6,1,152,2.3802889336366206,NEX-DCP30
23.351983642578148,3045168000000,rcp85_206607,2066-07-01,2066,7,1,182,2.7692127114278264,NEX-DCP30
23.176782226562523,3047846400000,rcp85_206608,2066-08-01,2066,8,1,213,2.292450795721379,NEX-DCP30
20.091531372070335,3050524800000,rcp85_206609,2066-09-01,2066,9,1,244,6.677279714494944,NEX-DCP30
14.433465576171898,3053116800000,rcp85_206610,2066-10-01,2066,10,1,274,14.306526485597715,NEX-DCP30
8.244134521484398,3055795200000,rcp85_206611,2066-11-01,2066,11,1,305,54.21538185328245,NEX-DCP30
4.64655456542971,3058387200000,rcp85_206612,2066-12-01,2066,12,1,335,100.4602558678016,NEX-DCP30
4.343499755859398,3061065600000,rcp85_206701,2067-01-01,2067,1,1,1,137.20931159332395,NEX-DCP30
4.897760009765648,3063744000000,rcp85_206702,2067-02-01,2067,2,1,32,150.92380985151976,NEX-DCP30
6.67713317871096,3066163200000,rcp85_206703,2067-03-01,2067,3,1,60,87.93127094395459,NEX-DCP30
9.80713806152346,3068841600000,rcp85_206704,2067-04-01,2067,4,1,91,72.65222549904138,NEX-DCP30
14.195458984375023,3071433600000,rcp85_206705,2067-05-01,2067,5,1,121,12.434949007001705,NEX-DCP30
19.771722412109398,3074112000000,rcp85_206706,2067-06-01,2067,6,1,152,1.2191417918074876,NEX-DCP30
23.423394775390648,3076704000000,rcp85_206707,2067-07-01,2067,7,1,182,2.309393650648417,NEX-DCP30
23.816140747070335,3079382400000,rcp85_206708,2067-08-01,2067,8,1,213,6.244673713808879,NEX-DCP30
19.864953613281273,3082060800000,rcp85_206709,2067-09-01,2067,9,1,244,5.646983576298226,NEX-DCP30
15.076806640625023,3084652800000,rcp85_206710,2067-10-01,2067,10,1,274,35.66820197738707,NEX-DCP30
8.10523376464846,3087331200000,rcp85_206711,2067-11-01,2067,11,1,305,42.56470670225099,NEX-DCP30
4.363549804687523,3089923200000,rcp85_206712,2067-12-01,2067,12,1,335,62.211792916059494,NEX-DCP30
4.85914001464846,3092601600000,rcp85_206801,2068-01-01,2068,1,1,1,133.67105566430837,NEX-DCP30
5.397073364257835,3095280000000,rcp85_206802,2068-02-01,2068,2,1,32,120.08924188558012,NEX-DCP30
7.11908874511721,3097785600000,rcp85_206803,2068-03-01,2068,3,1,61,95.80949088558555,NEX-DCP30
10.075234985351585,3100464000000,rcp85_206804,2068-04-01,2068,4,1,92,65.9563128137961,NEX-DCP30
14.58497009277346,3103056000000,rcp85_206805,2068-05-01,2068,5,1,122,11.621201629168354,NEX-DCP30
19.462884521484398,3105734400000,rcp85_206806,2068-06-01,2068,6,1,153,1.1735219986803713,NEX-DCP30
23.413613891601585,3108326400000,rcp85_206807,2068-07-01,2068,7,1,183,2.8025853898725472,NEX-DCP30
23.431481933593773,3111004800000,rcp85_206808,2068-08-01,2068,8,1,214,2.4115178421197925,NEX-DCP30
20.11072692871096,3113683200000,rcp85_206809,2068-09-01,2068,9,1,245,3.5800044861389324,NEX-DCP30
14.97596130371096,3116275200000,rcp85_206810,2068-10-01,2068,10,1,275,6.733605318004265,NEX-DCP30
9.31556091308596,3118953600000,rcp85_206811,2068-11-01,2068,11,1,306,53.46151505364105,NEX-DCP30
5.103005981445335,3121545600000,rcp85_206812,2068-12-01,2068,12,1,336,95.48197116237134,NEX-DCP30
4.962197875976585,3124224000000,rcp85_206901,2069-01-01,2069,1,1,1,107.06490848679096,NEX-DCP30
5.745706176757835,3126902400000,rcp85_206902,2069-02-01,2069,2,1,32,106.25094186980277,NEX-DCP30
6.906396484375023,3129321600000,rcp85_206903,2069-03-01,2069,3,1,60,140.76528581790626,NEX-DCP30
10.48627624511721,3132000000000,rcp85_206904,2069-04-01,2069,4,1,91,58.28177311923355,NEX-DCP30
14.523217773437523,3134592000000,rcp85_206905,2069-05-01,2069,5,1,121,8.527826736099087,NEX-DCP30
19.832025146484398,3137270400000,rcp85_206906,2069-06-01,2069,6,1,152,1.5234650400088867,NEX-DCP30
23.48017272949221,3139862400000,rcp85_206907,2069-07-01,2069,7,1,182,2.201126195359393,NEX-DCP30
23.449380493164085,3142540800000,rcp85_206908,2069-08-01,2069,8,1,213,2.901624025980709,NEX-DCP30
20.550164794921898,3145219200000,rcp85_206909,2069-09-01,2069,9,1,244,4.7770499768375885,NEX-DCP30
15.49695739746096,3147811200000,rcp85_206910,2069-10-01,2069,10,1,274,3.2759943314886186,NEX-DCP30
9.660562133789085,3150489600000,rcp85_206911,2069-11-01,2069,11,1,305,46.470346162095666,NEX-DCP30
5.84290466308596,3153081600000,rcp85_206912,2069-12-01,2069,12,1,335,114.29210600908846,NEX-DCP30
