millis,pdsi,system:index
1023170400000,-1.9700109499546117,20020604
1023602400000,-1.9628873031097436,20020609
1024034400000,-1.954268991288641,20020614
1024466400000,-1.9793145364104625,20020619
1024898400000,-2.0263201474978683,20020624
1025330400000,-2.067325742910531,20020629
1025762400000,-2.1030192107043284,20020704
1026194400000,-2.1268506185392373,20020709
1026626400000,-2.143937958727431,20020714
1027058400000,-2.158391190036075,20020719
1027490400000,-2.1787765144072724,20020724
1027922400000,-2.18681169044139,20020729
1028354400000,-2.187239063342316,20020803
1028786400000,-2.184643419505162,20020808
1029218400000,-2.180557986615189,20020813
1029650400000,-2.18166867534494,20020818
1030082400000,-2.1832479369231548,20020823
1030514400000,-2.183472768230792,20020828
1030946400000,-2.1872768631056756,20020902
1031378400000,-2.179073495596754,20020907
1031810400000,-2.1774633211154524,20020912
1032242400000,-2.1789365461060997,20020917
1032674400000,-2.1881019322457402,20020922
1033106400000,-2.212871107767635,20020927
1033538400000,-2.233377960025856,20021002
1033970400000,-2.2725866469324245,20021007
1034402400000,-2.315322104708453,20021012
1034834400000,-2.3697678742376893,20021017
1035266400000,-2.4269436728572704,20021022
1035698400000,-2.4885111697571114,20021027
1036130400000,-2.581763468335093,20021101
1036562400000,-2.680422457453252,20021106
1036994400000,-2.411249856541215,20021111
1037426400000,-2.1734542113251236,20021116
1037858400000,-1.9334106287247648,20021121
1038290400000,-1.6802832770479519,20021126
1038722400000,-1.4730325054526585,20021201
1039154400000,-1.3317004211273489,20021206
1039586400000,-1.422063988183221,20021211
1040018400000,-1.3660225049803316,20021216
1040450400000,-1.2347481244819163,20021221
1040882400000,-1.0946881082081903,20021226
1041314400000,-0.900396180232466,20021231
1041746400000,-0.76504358920899,20030105
1042178400000,-0.645885664793543,20030110
1042610400000,-0.6655809665712742,20030115
1043042400000,-0.7102611169709204,20030120
1043474400000,-0.740993206127834,20030125
1043906400000,-0.795212614968353,20030130
1044338400000,-0.8418837544033629,20030204
1044770400000,-0.9015934794693896,20030209
1045202400000,-0.9635348334844381,20030214
1045634400000,-1.0401753025372336,20030219
1046066400000,-1.1248134423611547,20030224
1046498400000,-1.201493945601974,20030301
1046930400000,-1.2997949275794984,20030306
1047362400000,-1.403495885717037,20030311
1047794400000,-1.4854454221891973,20030316
1048226400000,-1.5508017237431133,20030321
1048658400000,-1.5893803698264932,20030326
1049090400000,-1.6455390647106298,20030331
1049522400000,-1.6314651734141872,20030405
1049954400000,-1.6069415105732003,20030410
1050386400000,-1.5553582953753016,20030415
1050818400000,-1.4565644597828804,20030420
1051250400000,-1.2151784510286492,20030425
1051682400000,-0.839399577078103,20030430
1052114400000,-0.3055150052418061,20030505
1052546400000,0.6776407475552911,20030510
1052978400000,1.0721162870178182,20030515
1053410400000,1.3149938775975336,20030520
1053842400000,1.4386706443639665,20030525
1054274400000,1.5099310445459704,20030530
1054706400000,1.5155389005612974,20030604
1055138400000,1.4766571803913846,20030609
1055570400000,1.4441308242147368,20030614
1056002400000,1.4419488526931428,20030619
1056434400000,1.4459513521739729,20030624
1056866400000,1.415491030776097,20030629
1057298400000,1.3389584294803696,20030704
1057730400000,1.2505765076773954,20030709
1058162400000,1.1718645490431336,20030714
1058594400000,1.1087403559966251,20030719
1059026400000,1.0554449793116316,20030724
1059458400000,1.0261043822074032,20030729
1059890400000,1.0972972133778112,20030803
1060322400000,1.1824280771417757,20030808
1060754400000,1.2798618138542621,20030813
1061186400000,1.3814266137992264,20030818
1061618400000,1.55782406457356,20030823
1062050400000,1.7392326388943897,20030828
1062482400000,1.7876237571150317,20030902
1062914400000,1.8558964511480642,20030907
1063346400000,1.9001249646418275,20030912
1063778400000,1.916595521396456,20030917
1064210400000,1.8678743656215653,20030922
1064642400000,1.787923375978132,20030927
1065074400000,1.6908017812432818,20031002
1065506400000,1.5627297272927334,20031007
1065938400000,1.4305786488165966,20031012
1066370400000,1.2842581685317305,20031017
1066802400000,1.1204191176463225,20031022
1067234400000,0.931567052927012,20031027
1067666400000,0.7265264561944481,20031101
1068098400000,0.5268985209054353,20031106
1068530400000,0.432706182885568,20031111
1068962400000,0.39108559284764294,20031116
1069394400000,0.28488411297403754,20031121
1069826400000,0.1716751577741025,20031126
1070258400000,0.03353269290420498,20031201
1070690400000,-0.07879392954215393,20031206
1071122400000,-0.1627922201679066,20031211
1071554400000,-0.2573152563301197,20031216
1071986400000,-0.35819046152690803,20031221
1072418400000,-0.29251128797049064,20031226
1072850400000,-0.22298251869917,20031231
1073282400000,-0.14949660037133375,20040105
1073714400000,-0.12812462567048158,20040110
1074146400000,-0.13445877322067512,20040115
1074578400000,-0.13164546439881233,20040120
1075010400000,-0.1813129360146563,20040125
1075442400000,-0.24316005569791174,20040130
1075874400000,-0.3219330431976446,20040204
1076306400000,-0.4178260777986696,20040209
1076738400000,-0.5383882554576991,20040214
1077170400000,-0.6332832273099849,20040219
1077602400000,-0.6962835834945775,20040224
1078034400000,-0.655289472035227,20040229
1078466400000,-0.6512160602079785,20040305
1078898400000,-0.6362042888030662,20040310
1079330400000,-0.6081289293450883,20040315
1079762400000,-0.6709217776250828,20040320
1080194400000,-0.7618973295902999,20040325
1080626400000,-0.9025228466351581,20040330
1081058400000,-1.0336168063614304,20040404
1081490400000,-1.1523365380535915,20040409
1081922400000,-1.2721034540702356,20040414
1082354400000,-1.3829126401605705,20040419
1082786400000,-1.4883818858544975,20040424
1083218400000,-1.6133854035834592,20040429
1083650400000,-1.7643471767311134,20040504
1084082400000,-1.910446001578422,20040509
1084514400000,-2.025607353506927,20040514
1084946400000,-2.1339223168294863,20040519
1085378400000,-2.2468128150296374,20040524
1085810400000,-2.3522780204208384,20040529
1086242400000,-2.4601432255312274,20040603
1086674400000,-2.548815037569927,20040608
1087106400000,-2.6168508581320786,20040613
1087538400000,-2.6655257517477438,20040618
1087970400000,-2.7026976513052126,20040623
1088402400000,-2.757641724029484,20040628
1088834400000,-2.7939816836089078,20040703
1089266400000,-2.812629824477461,20040708
1089698400000,-2.8268986705217416,20040713
1090130400000,-2.831239570546631,20040718
1090562400000,-2.8379608113604857,20040723
1090994400000,-2.8366429287982733,20040728
1091426400000,-2.83656760236762,20040802
1091858400000,-2.8314044783831043,20040807
1092290400000,-2.8204928170521053,20040812
1092722400000,-2.800770830533107,20040817
1093154400000,-2.7740595428349395,20040822
1093586400000,-2.7423462126047107,20040827
1094018400000,-2.7149321801799937,20040901
1094450400000,-2.6883486805602805,20040906
1094882400000,-2.6683726299178274,20040911
1095314400000,-2.6649194926319466,20040916
1095746400000,-2.6564720520083904,20040921
1096178400000,-2.664055053413265,20040926
1096610400000,-2.665091012070179,20041001
1097042400000,-2.6806811928231875,20041006
1097474400000,-2.6993519875241936,20041011
1097906400000,-2.7275410095701527,20041016
1098338400000,-2.442169525828085,20041021
1098770400000,-2.083057288391568,20041026
1099202400000,-1.7370824849361846,20041031
1099634400000,-1.3217938232478408,20041105
1100066400000,-0.7978161422144466,20041110
1100498400000,-0.0833410101670573,20041115
1100930400000,0.010565077076435638,20041120
1101362400000,-0.03748472224330256,20041125
1101794400000,-0.05935716156885792,20041130
1102226400000,-0.10660337031750212,20041205
1102658400000,-0.12741508595963671,20041210
1103090400000,-0.17217006151069597,20041215
1103522400000,-0.24744971064900947,20041220
1103954400000,-0.32807321548191637,20041225
1104386400000,-0.34231997384170315,20041230
1104904800000,-0.29341995296129736,20050105
1105336800000,-0.11311793256122148,20050110
1105768800000,0.08506322075111103,20050115
1106200800000,0.29884781380314646,20050120
1106632800000,0.44145021612715296,20050125
1107064800000,0.5142230093934979,20050130
1107496800000,0.590131741571126,20050204
1107928800000,0.5346036601096277,20050209
1108360800000,0.47010575779091296,20050214
1108792800000,0.42894134931293254,20050219
1109224800000,0.42727782409631204,20050224
1109656800000,0.4056128405158761,20050301
1110088800000,0.38265303577983517,20050306
1110520800000,0.347822848169074,20050311
1110952800000,0.29248934853003344,20050316
1111384800000,0.26564203717962426,20050321
1111816800000,0.29048546782763035,20050326
1112248800000,0.347212321833083,20050331
1112680800000,0.44024532861603455,20050405
1113112800000,0.604837408696814,20050410
1113544800000,0.7981456798717279,20050415
1113976800000,0.9531003716844597,20050420
1114408800000,0.9774023824485318,20050425
1114840800000,0.968169594167069,20050430
1115272800000,0.9981830942125696,20050505
1115704800000,1.1442950673093728,20050510
1116136800000,1.3901541778430422,20050515
1116568800000,1.9717460508647493,20050520
1117000800000,2.331001386686819,20050525
1117432800000,2.5742545706246114,20050530
1117864800000,2.7857590962904575,20050604
1118296800000,2.9229448452385576,20050609
1118728800000,3.0683456897495014,20050614
1119160800000,3.151239810161791,20050619
1119592800000,3.2548088094309198,20050624
1120024800000,3.3612133665341832,20050629
1120456800000,3.479452340951665,20050704
1120888800000,3.53741521697146,20050709
1121320800000,3.5936829370870655,20050714
1121752800000,3.556625756794593,20050719
1122184800000,3.532193448811698,20050724
1122616800000,3.519705500193498,20050729
1123048800000,3.5131463181486544,20050803
1123480800000,3.4549693758728774,20050808
1123912800000,3.4024948187712276,20050813
1124344800000,3.350366193268291,20050818
1124776800000,3.3015991486133665,20050823
1125208800000,3.258913278473542,20050828
1125640800000,3.2188025377578797,20050902
1126072800000,3.16293278707566,20050907
1126504800000,3.1150925278906008,20050912
1126936800000,3.0421506571876136,20050917
1127368800000,2.979762169802207,20050922
1127800800000,2.9282607078925977,20050927
1128232800000,2.8675561341107967,20051002
1128664800000,2.78781091776275,20051007
1129096800000,2.6940076352778477,20051012
1129528800000,2.6046912845386685,20051017
1129960800000,2.5091570383880897,20051022
1130392800000,2.4252425866210503,20051027
1130824800000,2.338445853459134,20051101
1131256800000,2.26586645969633,20051106
1131688800000,2.1967637152759445,20051111
1132120800000,2.0921840786957975,20051116
1132552800000,1.959758902468361,20051121
1132984800000,1.806346903766142,20051126
1133416800000,1.7448160234387402,20051201
1133848800000,1.7010605179214762,20051206
1134280800000,1.6280997883043151,20051211
1134712800000,1.5421597024394083,20051216
1135144800000,1.5449235744837035,20051221
1135576800000,1.5738911267858686,20051226
1136008800000,1.684734977234713,20051231
1136440800000,1.8598880911587388,20060105
1136872800000,1.9936132221456546,20060110
1137304800000,2.094522833531824,20060115
1137736800000,2.176920367013302,20060120
1138168800000,2.218439628509734,20060125
1138600800000,2.199033384192498,20060130
1139032800000,2.11893340693446,20060204
1139464800000,2.032724613015769,20060209
1139896800000,1.927183107453197,20060214
1140328800000,1.8054544902009666,20060219
1140760800000,1.6885106147105342,20060224
1141192800000,1.61198447218531,20060301
1141624800000,1.5615621782106128,20060306
1142056800000,1.5530472594108737,20060311
1142488800000,1.590509490150743,20060316
1142920800000,1.6853314659359424,20060321
1143352800000,1.7813013770365138,20060326
1143784800000,1.8745535617618145,20060331
1144216800000,2.081019168519934,20060405
1144648800000,2.3089869769904228,20060410
1145080800000,2.5628040910305687,20060415
1145512800000,2.909830718163779,20060420
1145944800000,3.329724832680299,20060425
1146376800000,3.6308015046279434,20060430
1146808800000,3.6710723240168197,20060505
1147240800000,3.680701435621603,20060510
1147672800000,3.6483147129303024,20060515
1148104800000,3.5650689316469606,20060520
1148536800000,3.5155699867827246,20060525
1148968800000,3.483995266910333,20060530
1149400800000,3.4537153309068653,20060604
1149832800000,3.426563151220591,20060609
1150264800000,3.3837579707393077,20060614
1150696800000,3.3127461161994236,20060619
1151128800000,3.1979241366805096,20060624
1151560800000,3.0929715876169475,20060629
1151992800000,3.0017619322248126,20060704
1152424800000,2.924626449608958,20060709
1152856800000,2.843485842754032,20060714
1153288800000,2.7545373293278734,20060719
1153720800000,2.690105796598929,20060724
1154152800000,2.6359163575784765,20060729
1154584800000,2.585984723018738,20060803
1155016800000,2.5399159051243685,20060808
1155448800000,2.4997513114605825,20060813
1155880800000,2.457396325492356,20060818
1156312800000,2.382084191462366,20060823
1156744800000,2.296369656345804,20060828
1157176800000,2.210172974974217,20060902
1157608800000,2.1272506972830403,20060907
1158040800000,2.0391806587902166,20060912
1158472800000,1.9456388037083736,20060917
1158904800000,1.8418875784563877,20060922
1159336800000,1.7142097143393424,20060927
1159768800000,1.5863618982271679,20061002
1160200800000,1.4826674229567702,20061007
1160632800000,1.3919492388841832,20061012
1161064800000,1.29627857840541,20061017
1161496800000,1.1907715517288064,20061022
1161928800000,1.0715415333264902,20061027
1162360800000,0.8957067807652993,20061101
1162792800000,0.7550010245071358,20061106
1163224800000,0.5855481877909162,20061111
1163656800000,0.48113028261777246,20061116
1164088800000,0.3444725298668805,20061121
1164520800000,0.2021068133623239,20061126
1164952800000,0.054261068818612326,20061201
1165384800000,-0.12555293503107845,20061206
1165816800000,-0.31487270169251746,20061211
1166248800000,-0.5069565594579711,20061216
1166680800000,-0.6810099726928368,20061221
1167112800000,-0.852389056398949,20061226
1167544800000,-0.9974214385936712,20061231
1167976800000,-1.1183661142347192,20070105
1168408800000,-1.2369984435054935,20070110
1168840800000,-1.3471025009886095,20070115
1169272800000,-1.4512826872789577,20070120
1169704800000,-1.5313750941258144,20070125
1170136800000,-1.626474009589499,20070130
1170568800000,-1.7008486103802507,20070204
1171000800000,-1.7727471961839836,20070209
1171432800000,-1.8149931375989965,20070214
1171864800000,-1.8644742073674168,20070219
1172296800000,-1.882543157214779,20070224
1172728800000,-1.8652992937581367,20070301
1173160800000,-1.8558424166449035,20070306
1173592800000,-1.8563342007841919,20070311
1174024800000,-1.9143070853527215,20070316
1174456800000,-1.948558073456039,20070321
1174888800000,-1.9959040563036157,20070326
1175320800000,-2.069722811895851,20070331
1175752800000,-2.1309607421898833,20070405
1176184800000,-2.196445440562233,20070410
1176616800000,-2.243710981696171,20070415
1177048800000,-2.30021216202481,20070420
1177480800000,-2.317140413493637,20070425
1177912800000,-2.3409903059373,20070430
1178344800000,-2.314405015395257,20070505
1178776800000,-2.280638074646214,20070510
1179208800000,-2.265362451680006,20070515
1179640800000,-2.2661625521693765,20070520
1180072800000,-2.311491357063118,20070525
1180504800000,-2.3922326483151464,20070530
1180936800000,-2.4978074250189044,20070604
1181368800000,-2.5645113667059682,20070609
1181800800000,-2.620697722091528,20070614
1182232800000,-2.6660470648205896,20070619
1182664800000,-2.718981052219935,20070624
1183096800000,-2.766481841296386,20070629
1183528800000,-2.805883306102001,20070704
1183960800000,-2.8430333009763458,20070709
1184392800000,-2.8676140625978577,20070714
1184824800000,-2.8778059293424647,20070719
1185256800000,-2.8856582667872854,20070724
1185688800000,-2.8790611029747657,20070729
1186120800000,-2.864501227878924,20070803
1186552800000,-2.846305559564457,20070808
1186984800000,-2.822873231443674,20070813
1187416800000,-2.8038097833894886,20070818
1187848800000,-2.787617627071641,20070823
1188280800000,-2.767000383158147,20070828
1188712800000,-2.719268538479104,20070902
1189144800000,-2.6720719298430557,20070907
1189576800000,-2.6319734485056876,20070912
1190008800000,-2.5989491401468436,20070917
1190440800000,-2.528922788061768,20070922
1190872800000,-2.4745622952258968,20070927
1191304800000,-2.4332364713437484,20071002
1191736800000,-2.364625634070637,20071007
1192168800000,-2.2698100150169553,20071012
1192600800000,-2.180050615749818,20071017
1193032800000,-2.101349018609073,20071022
1193464800000,-2.0638331598327975,20071027
1193896800000,-2.0442835792177427,20071101
1194328800000,-2.049035601209118,20071106
1194760800000,-2.102906785174629,20071111
1195192800000,-2.150369940313573,20071116
1195624800000,-2.222842686567813,20071121
1196056800000,-2.2930300514194815,20071126
1196488800000,-2.3774933848308,20071201
1196920800000,-2.43296975905245,20071206
1197352800000,-2.4562113585873173,20071211
1197784800000,-2.4944297776545414,20071216
1198216800000,-2.5332129788452535,20071221
1198648800000,-2.5476952599746077,20071226
1199080800000,-2.551460318127979,20071231
1199512800000,-2.4832171533184124,20080105
1199944800000,-2.435833572814354,20080110
1200376800000,-2.3894361965387083,20080115
1200808800000,-2.3437677888681394,20080120
1201240800000,-2.2969009191407386,20080125
1201672800000,-2.1990861807360096,20080130
1202104800000,-2.1172861878374953,20080204
1202536800000,-2.0594287178567785,20080209
1202968800000,-2.0054269923104173,20080214
1203400800000,-1.9636533322022762,20080219
1203832800000,-1.8542382609273373,20080224
1204264800000,-1.803687903615704,20080229
1204696800000,-1.8238025079519262,20080305
1205128800000,-1.8515349572638082,20080310
1205560800000,-1.8640446201936591,20080315
1205992800000,-1.853271425301056,20080320
1206424800000,-1.9197791397172574,20080325
1206856800000,-1.9794290488098958,20080330
1207288800000,-2.035168627608559,20080404
1207720800000,-2.098333134711601,20080409
1208152800000,-2.1719782107997894,20080414
1208584800000,-2.2716881758836425,20080419
1209016800000,-2.386465367698124,20080424
1209448800000,-2.513966509059752,20080429
1209880800000,-2.651113609712562,20080504
1210312800000,-2.7889005938380182,20080509
1210744800000,-2.9362408499840535,20080514
1211176800000,-3.073022276610693,20080519
1211608800000,-3.1961281364289706,20080524
1212040800000,-3.2554695427727074,20080529
1212472800000,-3.3099799862707537,20080603
1212904800000,-3.3476885790716464,20080608
1213336800000,-3.3677788637302344,20080613
1213768800000,-3.362468964210877,20080618
1214200800000,-3.3743575055653614,20080623
1214632800000,-3.43436860567555,20080628
1215064800000,-3.4822517450850596,20080703
1215496800000,-3.512719592526931,20080708
1215928800000,-3.517187784074454,20080713
1216360800000,-3.4919559453912274,20080718
1216792800000,-3.4655883254846813,20080723
1217224800000,-3.4290271466349007,20080728
1217656800000,-3.388207229213675,20080802
1218088800000,-3.34290030944122,20080807
1218520800000,-3.3081209948588643,20080812
1218952800000,-3.291224303269889,20080817
1219384800000,-3.2763650828712034,20080822
1219816800000,-3.2588842019455377,20080827
1220248800000,-3.244324361440859,20080901
1220680800000,-3.233647578586496,20080906
1221112800000,-3.2281146221135013,20080911
1221544800000,-3.233384868108602,20080916
1221976800000,-3.2457824001066866,20080921
1222408800000,-3.2733766868037626,20080926
1222840800000,-3.3026896397698766,20081001
1223272800000,-3.2504433869058147,20081006
1223704800000,-3.2050973872269446,20081011
1224136800000,-3.1756939122091254,20081016
1224568800000,-3.159586128398319,20081021
1225000800000,-3.159840541096117,20081026
1225432800000,-3.1552860556133893,20081031
1225864800000,-3.0101723310105837,20081105
1226296800000,-2.8900177997223473,20081110
1226728800000,-2.798508971905493,20081115
1227160800000,-2.7423058085086156,20081120
1227592800000,-2.7082656399001794,20081125
1228024800000,-2.6701843338852225,20081130
1228456800000,-2.7106233947837457,20081205
1228888800000,-2.773918495153735,20081210
1229320800000,-2.8087497239316597,20081215
1229752800000,-2.829969307638446,20081220
1230184800000,-2.7802277868861043,20081225
1230616800000,-2.757699508376787,20081230
1231135200000,-2.739321406625976,20090105
1231567200000,-2.7303472428182127,20090110
1231999200000,-2.7281589023184676,20090115
1232431200000,-2.7397383826853803,20090120
1232863200000,-2.7423965563560726,20090125
1233295200000,-2.751111244526966,20090130
1233727200000,-2.759061955243097,20090204
1234159200000,-2.7387870797157587,20090209
1234591200000,-2.711756099277244,20090214
1235023200000,-2.652293290109232,20090219
1235455200000,-2.6139222815659444,20090224
1235887200000,-2.565640706067938,20090301
1236319200000,-2.462808988888729,20090306
1236751200000,-2.3894897130737647,20090311
1237183200000,-2.328994160161302,20090316
1237615200000,-2.2899734804309557,20090321
1238047200000,-2.276399424518835,20090326
1238479200000,-2.2665944856752827,20090331
1238911200000,-2.316536078194132,20090405
1239343200000,-2.3555348178747835,20090410
1239775200000,-2.388754409795537,20090415
1240207200000,-2.4329431658008343,20090420
1240639200000,-2.499120860161194,20090425
1241071200000,-2.547267019386006,20090430
1241503200000,-2.438570260149974,20090505
1241935200000,-2.367780168376569,20090510
1242367200000,-2.283868488856835,20090515
1242799200000,-2.2142249298768544,20090520
1243231200000,-2.147823566663156,20090525
1243663200000,-2.0611507967075413,20090530
1244095200000,-2.0941401095505587,20090604
1244527200000,-2.0834253992636502,20090609
1244959200000,-2.051900263939995,20090614
1245391200000,-1.9894844493229098,20090619
1245823200000,-1.9119861347802203,20090624
1246255200000,-1.8177439377018543,20090629
1246687200000,-1.81766211171395,20090704
1247119200000,-1.8359924931672176,20090709
1247551200000,-1.8491426493578438,20090714
1247983200000,-1.8603418876784845,20090719
1248415200000,-1.8733128819303073,20090724
1248847200000,-1.8702229266648138,20090729
1249279200000,-1.878635004609577,20090803
1249711200000,-1.8810224371648918,20090808
1250143200000,-1.8787495160521464,20090813
1250575200000,-1.8731563799365483,20090818
1251007200000,-1.852340379401926,20090823
1251439200000,-1.8325127092677373,20090828
1251871200000,-1.8200864785798192,20090902
1252303200000,-1.8138072343521576,20090907
1252735200000,-1.8094513744179448,20090912
1253167200000,-1.8048666049286735,20090917
1253599200000,-1.8253233946219125,20090922
1254031200000,-1.8654818013492869,20090927
1254463200000,-1.913630214113358,20091002
1254895200000,-1.9663655189235174,20091007
1255327200000,-2.026771487254645,20091012
1255759200000,-1.711221765944594,20091017
1256191200000,-1.363353584720685,20091022
1256623200000,-0.9913102194635395,20091027
1257055200000,-0.6555135823691474,20091101
1257487200000,-0.37829695622709586,20091106
1257919200000,-0.18919993659698553,20091111
1258351200000,-0.2910732766529002,20091116
1258783200000,-0.39378773478730833,20091121
1259215200000,-0.5041693085754303,20091126
1259647200000,-0.5984700076458662,20091201
1260079200000,-0.69419488406012,20091206
1260511200000,-0.7465824645622436,20091211
1260943200000,-0.7222026552043037,20091216
1261375200000,-0.7079262779436869,20091221
1261807200000,-0.6937429151175937,20091226
1262239200000,-0.6739805226413786,20091231
1262671200000,-0.6763870301946265,20100105
1263103200000,-0.7152625106123837,20100110
1263535200000,-0.7699593002523629,20100115
1263967200000,-0.778349735463147,20100120
1264399200000,-0.7532093594125049,20100125
1264831200000,-0.72807148045102,20100130
1265263200000,-0.6852514871592853,20100204
1265695200000,-0.6045027597091882,20100209
1266127200000,-0.544943022106354,20100214
1266559200000,-0.5740557200672287,20100219
1266991200000,-0.6030918578294923,20100224
1267423200000,-0.5882073383639298,20100301
1267855200000,-0.5613562019649615,20100306
1268287200000,-0.5726705792259357,20100311
1268719200000,-0.543440690350303,20100316
1269151200000,-0.49104046084302166,20100321
1269583200000,-0.5190104501418749,20100326
1270015200000,-0.5732903187308566,20100331
1270447200000,-0.5864642974337062,20100405
1270879200000,-0.6025570108050404,20100410
1271311200000,-0.5896739732668586,20100415
1271743200000,-0.49571872918894366,20100420
1272175200000,-0.3221038784411327,20100425
1272607200000,-0.10939654933859319,20100430
1273039200000,0.01382174921595784,20100505
1273471200000,0.24214287962455228,20100510
1273903200000,0.39836157145292167,20100515
1274335200000,0.518636833572888,20100520
1274767200000,0.6974963568057331,20100525
1275199200000,0.8092918056220171,20100530
1275631200000,0.9316926079830786,20100604
1276063200000,1.026810877375473,20100609
1276495200000,1.1177550190791616,20100614
1276927200000,1.2138037059713231,20100619
1277359200000,1.2911224511807546,20100624
1277791200000,1.300765440002004,20100629
1278223200000,1.324552285981502,20100704
1278655200000,1.3409013902160372,20100709
1279087200000,1.348887811172735,20100714
1279519200000,1.3433075666881609,20100719
1279951200000,1.3063081452440513,20100724
1280383200000,1.2406297843305416,20100729
1280815200000,1.1721850551028765,20100803
1281247200000,1.1051216483260125,20100808
1281679200000,1.04278668026909,20100813
1282111200000,0.9782045683852602,20100818
1282543200000,0.9127719232606467,20100823
1282975200000,0.8482123992369889,20100828
1283407200000,0.7855260464527951,20100902
1283839200000,0.7131029183806351,20100907
1284271200000,0.636912112550381,20100912
1284703200000,0.5546452302959592,20100917
1285135200000,0.4674397380279923,20100922
1285567200000,0.35619494324508494,20100927
1285999200000,0.25720126115908626,20101002
1286431200000,0.3355025953155028,20101007
1286863200000,0.3944203792940726,20101012
1287295200000,0.45213948192314857,20101017
1287727200000,0.5301414721293956,20101022
1288159200000,0.8660443317257337,20101027
1288591200000,1.139234928556767,20101101
1289023200000,1.2707817975457547,20101106
1289455200000,1.4151762139856168,20101111
1289887200000,1.5087003030869048,20101116
1290319200000,1.6444238527534967,20101121
1290751200000,1.6671263041690845,20101126
1291183200000,1.6874766734563482,20101201
1291615200000,1.7053091950176755,20101206
1292047200000,1.6899096420702453,20101211
1292479200000,1.701786179189753,20101216
1292911200000,2.1640905669832264,20101221
1293343200000,2.512335342559076,20101226
1293775200000,2.8389554612719547,20101231
1294207200000,3.094738748054584,20110105
1294639200000,3.3039733654504797,20110110
1295071200000,3.4414557392587275,20110115
1295503200000,3.3746545224473965,20110120
1295935200000,3.2961419481309964,20110125
1296367200000,3.1789138698292683,20110130
1296799200000,3.065078031498583,20110204
1297231200000,2.942816652074503,20110209
1297663200000,2.8148289703065372,20110214
1298095200000,2.7057856151227777,20110219
1298527200000,2.608421977126883,20110224
1298959200000,2.5338443891345315,20110301
1299391200000,2.4586287447297943,20110306
1299823200000,2.4046134648017228,20110311
1300255200000,2.4176779943952766,20110316
1300687200000,2.497231455004629,20110321
1301119200000,2.632660680084798,20110326
1301551200000,2.753168382293414,20110331
1301983200000,2.8734122899898202,20110405
1302415200000,3.0361103308399096,20110410
1302847200000,3.1513975347216516,20110415
1303279200000,3.1489290720251946,20110420
1303711200000,3.066564553371059,20110425
1304143200000,2.988190942078016,20110430
1304575200000,2.9270816526407692,20110505
1305007200000,2.857821981142563,20110510
1305439200000,2.8596095410971185,20110515
1305871200000,2.8922220086940977,20110520
1306303200000,2.90630162704444,20110525
1306735200000,2.9598830527642237,20110530
1307167200000,3.0801257381675238,20110604
1307599200000,3.2516693614960626,20110609
1308031200000,3.3974078310557485,20110614
1308463200000,3.5169632309549645,20110619
1308895200000,3.6064194324924275,20110624
1309327200000,3.7465006423838587,20110629
1309759200000,3.90382919435677,20110704
1310191200000,4.024281903506192,20110709
1310623200000,4.150330000944075,20110714
1311055200000,4.25365302072218,20110719
1311487200000,4.305224823747405,20110724
1311919200000,4.326505464471781,20110729
1312351200000,4.3389457830009315,20110803
1312783200000,4.28017212417386,20110808
1313215200000,4.2215228627150205,20110813
1313647200000,4.162092962961839,20110818
1314079200000,4.10056123665658,20110823
1314511200000,4.032836063689035,20110828
1314943200000,3.9287233877953827,20110902
1315375200000,3.8229287638102982,20110907
1315807200000,3.7576790866537797,20110912
1316239200000,3.715559570930754,20110917
1316671200000,3.665409965325844,20110922
1317103200000,3.5952540173594456,20110927
1317535200000,3.5133736561334135,20111002
1317967200000,3.6624757239235577,20111007
1318399200000,3.803775474562892,20111012
1318831200000,3.8832535680648026,20111017
1319263200000,3.939294464892124,20111022
1319695200000,3.9552733400570865,20111027
1320127200000,3.9376167992474165,20111101
1320559200000,3.8149984640441827,20111106
1320991200000,3.658507350139546,20111111
1321423200000,3.5097299115880087,20111116
1321855200000,3.3825637909897384,20111121
1322287200000,3.2484754742889383,20111126
1322719200000,3.1089192646754635,20111201
1323151200000,2.9502443679349857,20111206
1323583200000,2.767062320703381,20111211
1324015200000,2.5674077576489203,20111216
1324447200000,2.357358339453241,20111221
1324879200000,2.162498602368712,20111226
1325311200000,2.0005071494962507,20111231
1325743200000,1.8425690347566976,20120105
1326175200000,1.6873176927696376,20120110
1326607200000,1.5496418953494404,20120115
1327039200000,1.4008701277907298,20120120
1327471200000,1.300507221488109,20120125
1327903200000,1.1866239057555632,20120130
1328335200000,1.0918170537390166,20120204
1328767200000,0.9878644132556292,20120209
1329199200000,0.8846843975138067,20120214
1329631200000,0.7764593500615048,20120219
1330063200000,0.578111753683201,20120224
1330495200000,0.4150877073172858,20120229
1330927200000,0.22426439517061877,20120305
1331359200000,0.030803645452980012,20120310
1331791200000,-0.19261481162223884,20120315
1332223200000,-0.2608338218281232,20120320
1332655200000,-0.34480156559610475,20120325
1333087200000,-0.38004513131747636,20120330
1333519200000,-0.3415864432216589,20120404
1333951200000,-0.28877978228026757,20120409
1334383200000,-0.15702780218008267,20120414
1334815200000,-0.12926670928756942,20120419
1335247200000,-0.08908697475543087,20120424
1335679200000,-0.016083849636122118,20120429
1336111200000,0.020524876151902436,20120504
1336543200000,0.07852827124537905,20120509
1336975200000,-0.00040068888571021585,20120514
1337407200000,-0.0656395779061558,20120519
1337839200000,-0.1102393262503967,20120524
1338271200000,-0.21216974953926718,20120529
1338703200000,-0.3141769377308342,20120603
1339135200000,-0.34151095199949866,20120608
1339567200000,-0.445330836216386,20120613
1339999200000,-0.5314282040977557,20120618
1340431200000,-0.5844103523418221,20120623
1340863200000,-0.6826647268721585,20120628
1341295200000,-0.7481624642002056,20120703
1341727200000,-0.8362505291307564,20120708
1342159200000,-0.9353554179868343,20120713
1342591200000,-1.022436754874889,20120718
1343023200000,-1.0823873932743662,20120723
1343455200000,-1.1409288685559755,20120728
1343887200000,-1.1787836980842588,20120802
1344319200000,-1.2085657379186554,20120807
1344751200000,-1.2223648479165587,20120812
1345183200000,-1.2045518065526857,20120817
1345615200000,-1.1930672238335043,20120822
1346047200000,-1.1751512872139274,20120827
1346479200000,-1.1575075653638949,20120901
1346911200000,-1.142434743421893,20120906
1347343200000,-1.141294099464035,20120911
1347775200000,-1.179412096665442,20120916
1348207200000,-1.235177583073619,20120921
1348639200000,-1.3251708802807551,20120926
1349071200000,-1.4347156595581385,20121001
1349503200000,-1.5858998470049526,20121006
1349935200000,-1.7368034549494118,20121011
1350367200000,-1.8775425954422231,20121016
1350799200000,-1.9928650123275355,20121021
1351231200000,-1.9691417825674913,20121026
1351663200000,-1.9695193327317597,20121031
1352095200000,-1.9572147064774843,20121105
1352527200000,-1.9471998575666565,20121110
1352959200000,-1.9618655828569085,20121115
1353391200000,-1.8973840809354166,20121120
1353823200000,-1.8986188646734232,20121125
1354255200000,-1.7902377748852356,20121130
1354687200000,-1.5784671067723282,20121205
1355119200000,-1.3624945024304747,20121210
1355551200000,-1.1050761273393555,20121215
1355983200000,-0.8927825978296332,20121220
1356415200000,-0.5930522828635727,20121225
1356847200000,-0.38071696313344244,20121230
1357365600000,-0.3741959369178191,20130105
1357797600000,-0.3511360084361233,20130110
1358229600000,-0.3595732014265216,20130115
1358661600000,-0.38765692492601256,20130120
1359093600000,-0.4457050058415314,20130125
1359525600000,-0.5119318980495875,20130130
1359957600000,-0.5699464849739524,20130204
1360389600000,-0.6348002372248438,20130209
1360821600000,-0.707940644130231,20130214
1361253600000,-0.8023728073706999,20130219
1361685600000,-0.9056465234322635,20130224
1362117600000,-1.0196456274232348,20130301
1362549600000,-1.1586480054165724,20130306
1362981600000,-1.3063673284721422,20130311
1363413600000,-1.4822389241665423,20130316
1363845600000,-1.6384883258737248,20130321
1364277600000,-1.7474319477620854,20130326
1364709600000,-1.8323674706030317,20130331
1365141600000,-1.9149500040893883,20130405
1365573600000,-1.9987187343227317,20130410
1366005600000,-2.0722863275713346,20130415
1366437600000,-2.166178932690991,20130420
1366869600000,-2.2603182868142215,20130425
1367301600000,-2.37104024034632,20130430
1367733600000,-2.5129506078040706,20130505
1368165600000,-2.6252539602102902,20130510
1368597600000,-2.7378931110522617,20130515
1369029600000,-2.833058382345804,20130520
1369461600000,-2.9221533688580985,20130525
1369893600000,-2.992243966928384,20130530
1370325600000,-3.071079129617261,20130604
1370757600000,-3.1906131086778005,20130609
1371189600000,-3.286215552196963,20130614
1371621600000,-3.366241113707051,20130619
1372053600000,-3.3978485355617627,20130624
1372485600000,-3.399296610181006,20130629
1372917600000,-3.380663377061736,20130704
1373349600000,-3.343840270552789,20130709
1373781600000,-3.2968677367397086,20130714
1374213600000,-3.2353655936463985,20130719
1374645600000,-3.186052418620001,20130724
1375077600000,-3.149564723756955,20130729
1375509600000,-3.116155540542221,20130803
1375941600000,-3.079621458639968,20130808
1376373600000,-3.0378179345525496,20130813
1376805600000,-2.992255416228668,20130818
1377237600000,-2.9435808177729945,20130823
1377669600000,-2.911881817484476,20130828
1378101600000,-2.847750698771044,20130902
1378533600000,-2.7821363043674245,20130907
1378965600000,-2.727103020349956,20130912
1379397600000,-2.6852284782450577,20130917
1379829600000,-2.596556500097283,20130922
1380261600000,-2.521622196724452,20130927
1380693600000,-2.4820741846622183,20131002
1381125600000,-2.4713678926960276,20131007
1381557600000,-2.4520930396195113,20131012
1381989600000,-2.444024920365155,20131017
1382421600000,-2.489302019903433,20131022
1382853600000,-2.553117066456589,20131027
1383285600000,-2.583715955077366,20131101
1383717600000,-2.6158180225883703,20131106
1384149600000,-2.6877672442715377,20131111
1384581600000,-2.766475785911844,20131116
1385013600000,-2.790512262095075,20131121
1385445600000,-2.81375739237472,20131126
1385877600000,-2.8694322081234636,20131201
1386309600000,-2.8996384248179705,20131206
1386741600000,-2.934455820803788,20131211
1387173600000,-2.973695423165157,20131216
1387605600000,-3.0229516799676,20131221
1388037600000,-3.063248655683241,20131226
1388469600000,-3.085993548837107,20131231
1388901600000,-3.1143717962968673,20140105
1389333600000,-3.1459126648646776,20140110
1389765600000,-3.1613305550159985,20140115
1390197600000,-3.1859523871452406,20140120
1390629600000,-3.2087290965235393,20140125
1391061600000,-3.222442188982108,20140130
1391493600000,-3.22847961203606,20140204
1391925600000,-3.223212373308649,20140209
1392357600000,-3.2255316071517632,20140214
1392789600000,-3.2319672404894724,20140219
1393221600000,-3.229518132545004,20140224
1393653600000,-3.2060526221059717,20140301
1394085600000,-3.1927437291318777,20140306
1394517600000,-3.209562638309373,20140311
1394949600000,-3.238401016190377,20140316
1395381600000,-3.265095648131531,20140321
1395813600000,-3.262564065224496,20140326
1396245600000,-3.2829127892610694,20140331
1396677600000,-3.298075712137099,20140405
1397109600000,-3.3199140595859933,20140410
1397541600000,-3.3336917661175285,20140415
1397973600000,-3.340704463284197,20140420
1398405600000,-3.290432820181981,20140425
1398837600000,-3.323209363132002,20140430
1399269600000,-3.3734406749371644,20140505
1399701600000,-3.3891222090322977,20140510
1400133600000,-3.3850952401255294,20140515
1400565600000,-3.3509238496628773,20140520
1400997600000,-3.3650722703884806,20140525
1401429600000,-3.417970522794127,20140530
1401861600000,-3.484520617733131,20140604
1402293600000,-3.5522012924039714,20140609
1402725600000,-3.5998116781903433,20140614
1403157600000,-3.6324805986543507,20140619
1403589600000,-3.6923487080685966,20140624
1404021600000,-3.7498756310225083,20140629
1404453600000,-3.795216166182083,20140704
1404885600000,-3.8192250741639318,20140709
1405317600000,-3.8292372608021674,20140714
1405749600000,-3.810295908224095,20140719
1406181600000,-3.7703361141139804,20140724
1406613600000,-3.7145736913500236,20140729
1407045600000,-3.6198338402924337,20140803
1407477600000,-3.4604778598481025,20140808
1407909600000,-3.2849591453062663,20140813
1408341600000,-3.134888380265809,20140818
1408773600000,-3.009018928187635,20140823
1409205600000,-2.8803056225877963,20140828
1409637600000,-2.7836131325311855,20140902
1410069600000,-2.763695954128682,20140907
1410501600000,-2.7607417653809527,20140912
1410933600000,-2.7657603707743026,20140917
1411365600000,-2.7722229163635976,20140922
1411797600000,-2.7296110205930906,20140927
1412229600000,-2.671650563326018,20141002
1412661600000,-2.6374739925862967,20141007
1413093600000,-2.613483477514589,20141012
1413525600000,-2.5905612724655507,20141017
1413957600000,-2.5751699965509633,20141022
1414389600000,-2.594574982613807,20141027
1414821600000,-2.5786024475063956,20141101
1415253600000,-2.56252365928158,20141106
1415685600000,-2.5760869521868597,20141111
1416117600000,-2.5876149128263704,20141116
1416549600000,-2.60483580345917,20141121
1416981600000,-2.63068915132337,20141126
1417413600000,-2.6929551866562966,20141201
1417845600000,-2.6787070787426295,20141206
1418277600000,-2.6375618950177864,20141211
1418709600000,-2.5525771559561012,20141216
1419141600000,-2.4796639063172083,20141221
1419573600000,-2.420537248429514,20141226
1420005600000,-2.380917973812557,20141231
1420437600000,-2.3940253993850678,20150105
1420869600000,-2.4124122324446073,20150110
1421301600000,-2.42917395211759,20150115
1421733600000,-2.458271065665528,20150120
1422165600000,-2.4769332572122464,20150125
1422597600000,-2.499198219319598,20150130
1423029600000,-2.518988454168785,20150204
1423461600000,-2.5238548032842223,20150209
1423893600000,-2.5426084404325002,20150214
1424325600000,-2.5786311265134683,20150219
1424757600000,-2.6010502300941254,20150224
1425189600000,-2.6216280869611825,20150301
1425621600000,-2.658589246245174,20150306
1426053600000,-2.7215139278732665,20150311
1426485600000,-2.801264903807059,20150316
1426917600000,-2.8862162550568145,20150321
1427349600000,-2.951978549784491,20150326
1427781600000,-3.0225677416970953,20150331
1428213600000,-3.097824158855679,20150405
1428645600000,-3.1653386680251923,20150410
1429077600000,-3.2321312292679605,20150415
1429509600000,-3.312163914549376,20150420
1429941600000,-3.353117641590016,20150425
1430373600000,-3.385764139102186,20150430
1430805600000,-3.439496195530129,20150505
1431237600000,-3.5040163689842574,20150510
1431669600000,-3.520497397539459,20150515
1432101600000,-3.4895868310811253,20150520
1432533600000,-3.469643896242942,20150525
1432965600000,-3.4502444797452716,20150530
1433397600000,-3.418543507055265,20150604
1433829600000,-3.407096967251969,20150609
1434261600000,-3.384501485693694,20150614
1434693600000,-3.3645528058991134,20150619
1435125600000,-3.3686066455024606,20150624
1435557600000,-3.364357853890772,20150629
1435989600000,-3.3309935392562653,20150704
1436421600000,-3.254703713244009,20150709
1436853600000,-3.1945156843867646,20150714
1437285600000,-3.1021131495012457,20150719
1437717600000,-2.978141083499229,20150724
1438149600000,-2.8306161011845026,20150729
1438581600000,-2.6907749871850832,20150803
1439013600000,-2.6016920017083627,20150808
1439445600000,-2.505125307390848,20150813
1439877600000,-2.4417119058307946,20150818
1440309600000,-2.419301962943791,20150823
1440741600000,-2.393554151749007,20150828
1441173600000,-2.3861707350255292,20150902
1441605600000,-2.3918215256436763,20150907
1442037600000,-2.4012639999934375,20150912
1442469600000,-2.3830280930707737,20150917
1442901600000,-2.373302304117168,20150922
1443333600000,-2.381647107717918,20150927
1443765600000,-2.3570602687011175,20151002
1444197600000,-2.320321168874606,20151007
1444629600000,-2.2945537263701365,20151012
1445061600000,-2.226016834606626,20151017
1445493600000,-2.1585761335116,20151022
1445925600000,-2.0948099330322805,20151027
1446357600000,-2.039464117935676,20151101
1446789600000,-1.919863143792521,20151106
1447221600000,-1.7903955366850695,20151111
1447653600000,-1.6877897515019973,20151116
1448085600000,-1.6371164816256703,20151121
1448517600000,-1.5881109229448898,20151126
1448949600000,-1.5769006793392368,20151201
1449381600000,-1.6167102890787595,20151206
1449813600000,-1.6539810608232735,20151211
1450245600000,-1.6882111794521601,20151216
1450677600000,-1.642396718194864,20151221
1451109600000,-1.5664334022929913,20151226
1451541600000,-1.5116212727402454,20151231
1451973600000,-1.4505727180675114,20160105
1452405600000,-1.4135954961197432,20160110
1452837600000,-1.3831475351288343,20160115
1453269600000,-1.3496601588964863,20160120
1453701600000,-1.3222712585774112,20160125
1454133600000,-1.2668076283406993,20160130
1454565600000,-1.224790468584476,20160204
1454997600000,-1.1846021100719344,20160209
1455429600000,-1.1604592626914108,20160214
1455861600000,-1.1872138730661734,20160219
1456293600000,-1.2251887715267447,20160224
1456725600000,-1.2855178668346245,20160229
1457157600000,-1.3290073283968424,20160305
1457589600000,-1.3574859978787925,20160310
1458021600000,-1.3118295751937914,20160315
1458453600000,-1.243981614124506,20160320
1458885600000,-1.1951904721688558,20160325
1459317600000,-1.110151222165362,20160330
1459749600000,-1.0830432715367782,20160404
1460181600000,-1.0660817072269486,20160409
1460613600000,-1.120474627807237,20160414
1461045600000,-1.1831154576811411,20160419
1461477600000,-1.2126843929541176,20160424
1461909600000,-1.219214614610417,20160429
1462341600000,-1.1984855181526584,20160504
1462773600000,-1.1701168735727212,20160509
1463205600000,-1.1573759716881336,20160514
1463637600000,-1.1324448994525185,20160519
1464069600000,-1.115118287202698,20160524
1464501600000,-1.0927029132418582,20160529
1464933600000,-1.064657876814322,20160603
1465365600000,-1.0898031810358817,20160608
1465797600000,-1.1134611501854563,20160613
1466229600000,-1.1071706975135553,20160618
1466661600000,-1.119010725483637,20160623
1467093600000,-1.147693007842739,20160628
1467525600000,-1.1651854137315167,20160703
1467957600000,-1.1844133254006102,20160708
1468389600000,-1.2227252221612916,20160713
1468821600000,-1.2599485322968818,20160718
1469253600000,-1.309916919107549,20160723
1469685600000,-1.35050121815472,20160728
1470117600000,-1.38478136437907,20160802
1470549600000,-1.4225930556662145,20160807
1470981600000,-1.4556354435811047,20160812
1471413600000,-1.490980520456468,20160817
1471845600000,-1.5125898820752144,20160822
1472277600000,-1.528996120917056,20160827
1472709600000,-1.5522886548639214,20160901
1473141600000,-1.5735320090105542,20160906
1473573600000,-1.5989230472229474,20160911
1474005600000,-1.6266085767713625,20160916
1474437600000,-1.6619734480691248,20160921
1474869600000,-1.7141775802080794,20160926
1475301600000,-1.77055900098303,20161001
1475733600000,-1.8199975442142422,20161006
1476165600000,-1.8739271175194767,20161011
1476597600000,-1.6278754385189675,20161016
1477029600000,-1.3571895888926526,20161021
1477461600000,-1.0931612538345181,20161026
1477893600000,-0.41871502115461795,20161031
1478325600000,0.15350150448113647,20161105
1478757600000,0.5207880425352608,20161110
1479189600000,0.5664021945079425,20161115
1479621600000,0.6000902480849636,20161120
1480053600000,0.6033573351718459,20161125
1480485600000,0.5562119539220406,20161130
1480917600000,0.49395469043703105,20161205
1481349600000,0.5162074467496172,20161210
1481781600000,0.6670329392096319,20161215
1482213600000,0.7901760235868215,20161220
1482645600000,0.9535036448855707,20161225
1483077600000,1.0229276531689344,20161230
1483596000000,1.219687581027107,20170105
1484028000000,1.584479380278054,20170110
1484460000000,1.770024083223555,20170115
1484892000000,2.076411630860569,20170120
1485324000000,2.3462790971000462,20170125
1485756000000,2.6612410842404217,20170130
1486188000000,2.8832177995508035,20170204
1486620000000,3.0643467755522695,20170209
1487052000000,3.242920489061369,20170214
1487484000000,3.3646988816468903,20170219
1487916000000,3.4729498676337127,20170224
1488348000000,3.567239306871873,20170301
1488780000000,3.6747627523074184,20170306
1489212000000,3.651428429541055,20170311
1489644000000,3.606272450592007,20170316
1490076000000,3.553456297293632,20170321
1490508000000,3.440565705840522,20170326
1490940000000,3.3413189743783445,20170331
1491372000000,3.225595332159666,20170405
1491804000000,3.2172570503900526,20170410
1492236000000,3.266263751462684,20170415
1492668000000,3.371269338700171,20170420
1493100000000,3.4735571429942858,20170425
1493532000000,3.5771728602684614,20170430
1493964000000,3.7095149027078227,20170505
1494396000000,3.7039111260908593,20170510
1494828000000,3.6644020075794552,20170515
1495260000000,3.555358372725804,20170520
1495692000000,3.4534876394005636,20170525
1496124000000,3.3607145480883935,20170530
1496556000000,3.2936721194948753,20170604
1496988000000,3.2010114141701616,20170609
1497420000000,3.1014149411047365,20170614
1497852000000,2.959193178998284,20170619
1498284000000,2.8276527147517165,20170624
1498716000000,2.702290521195533,20170629
1499148000000,2.5907793981590266,20170704
1499580000000,2.4825370132243036,20170709
1500012000000,2.3600978729756212,20170714
1500444000000,2.23552584610207,20170719
1500876000000,2.111584248149089,20170724
1501308000000,1.996449652428902,20170729
1501740000000,1.896488614723416,20170803
1502172000000,1.8296137545467939,20170808
1502604000000,1.7741993006338876,20170813
1503036000000,1.7295868283724045,20170818
1503468000000,1.700596691458063,20170823
1503900000000,1.6759736959475136,20170828
1504332000000,1.643318552965557,20170902
1504764000000,1.6032279022062816,20170907
1505196000000,1.5791081750024893,20170912
1505628000000,1.5522105975742897,20170917
1506060000000,1.5946706197543528,20170922
1506492000000,1.6024011517598915,20170927
1506924000000,1.5944292637478545,20171002
1507356000000,1.545677176259592,20171007
1507788000000,1.4720556064597943,20171012
1508220000000,1.355766999506806,20171017
1508652000000,1.2166845864230018,20171022
1509084000000,1.0532037643779475,20171027
1509516000000,0.8594189488518542,20171101
1509948000000,0.719934498010757,20171106
1510380000000,0.577873591345342,20171111
1510812000000,0.6321838961435639,20171116
1511244000000,0.6426718550751713,20171121
1511676000000,0.66016245022026,20171126
1512108000000,0.6664999189587729,20171201
1512540000000,0.6184808109980765,20171206
1512972000000,0.5337349201121412,20171211
1513404000000,0.3499108268449145,20171216
1513836000000,0.1548144004427533,20171221
1514268000000,-0.023920343660933433,20171226
1514700000000,-0.17675647569416064,20171231
1515132000000,-0.2974235263534353,20180105
1515564000000,-0.38466594883553806,20180110
1515996000000,-0.4596829650368461,20180115
1516428000000,-0.5247435287102873,20180120
1516860000000,-0.5712947099685768,20180125
1517292000000,-0.6248737350910076,20180130
1517724000000,-0.67276730733752,20180204
1518156000000,-0.7713225395736656,20180209
1518588000000,-0.8685986630143624,20180214
1519020000000,-0.9840638825519521,20180219
1519452000000,-1.0913857872493156,20180224
1519884000000,-1.1920475917694464,20180301
1520316000000,-1.2675411029884005,20180306
1520748000000,-1.3399304003094672,20180311
1521180000000,-1.2949642575685063,20180316
1521612000000,-1.1248038746893347,20180321
1522044000000,-0.9249267873320176,20180326
1522476000000,-0.7138370202127884,20180331
1522908000000,-0.48496776696840965,20180405
1523340000000,-0.10494285559002939,20180410
1523772000000,0.17258624457124197,20180415
1524204000000,0.3284981882917086,20180420
1524636000000,0.3257842116334682,20180425
1525068000000,0.3539977535759687,20180430
1525500000000,0.4001733824928038,20180505
1525932000000,0.3198294076611901,20180510
1526364000000,0.22543526636145206,20180515
1526796000000,0.1200151434952308,20180520
1527228000000,0.03903148338750909,20180525
1527660000000,-0.0490820631581773,20180530
1528092000000,-0.11732278961434447,20180604
1528524000000,-0.2666865241808046,20180609
1528956000000,-0.4500243951448104,20180614
1529388000000,-0.5954166126238414,20180619
1529820000000,-0.7207199741127541,20180624
1530252000000,-0.8254912192883334,20180629
1530684000000,-0.907293334288076,20180704
1531116000000,-0.9813142640896915,20180709
1531548000000,-1.0334488166499112,20180714
1531980000000,-1.0825321744516767,20180719
1532412000000,-1.1128105394292123,20180724
1532844000000,-1.1274632471773154,20180729
1533276000000,-1.1345459888451885,20180803
1533708000000,-1.1404204274288077,20180808
1534140000000,-1.1539398053062122,20180813
1534572000000,-1.1632693773119867,20180818
1535004000000,-1.1926402760749946,20180823
1535436000000,-1.2190553789223721,20180828
1535868000000,-1.2433786422146762,20180902
1536300000000,-1.2646880327544676,20180907
1536732000000,-1.2925482747297388,20180912
1537164000000,-1.3257538681398768,20180917
1537596000000,-1.3661855430145058,20180922
1538028000000,-1.4258279011490458,20180927
1538460000000,-1.4774814736786888,20181002
1538892000000,-1.4598485907396137,20181007
1539324000000,-1.4444008226597431,20181012
1539756000000,-1.4463744919523676,20181017
1540188000000,-1.458654597397416,20181022
1540620000000,-1.487195111827644,20181027
1541052000000,-1.551095361600232,20181101
1541484000000,-1.6945942965447884,20181106
1541916000000,-1.8635028144178971,20181111
1542348000000,-2.026507231353387,20181116
1542780000000,-2.1361635314506295,20181121
1543212000000,-2.1873110649826213,20181126
1543644000000,-2.121830849120753,20181201
1544076000000,-2.0583645253459935,20181206
1544508000000,-2.0084840592167077,20181211
1544940000000,-1.9704476654796776,20181216
1545372000000,-1.964182289654366,20181221
1545804000000,-1.9664126830694677,20181226
1546236000000,-2.0191989020462384,20181231
1546668000000,-2.0699180455805566,20190105
1547100000000,-2.0899415907527388,20190110
1547532000000,-2.087480625322848,20190115
1547964000000,-2.013733237908709,20190120
1548396000000,-1.9628215424328714,20190125
1548828000000,-1.905167278146004,20190130
1549260000000,-1.752368908771714,20190204
1549692000000,-1.5642893782259197,20190209
1550124000000,-1.225552972200833,20190214
1550556000000,-0.9400728861385373,20190219
1550988000000,-0.6294716518130532,20190224
1551420000000,-0.3286023381906676,20190301
1551852000000,-0.03574192156543417,20190306
1552284000000,0.25514580224238576,20190311
1552716000000,0.3861180487285705,20190316
1553148000000,0.45876949680327933,20190321
1553580000000,0.5097706433976781,20190326
1554012000000,0.6039033351746607,20190331
1554444000000,0.5660748938090374,20190405
1554876000000,0.5276417831704513,20190410
1555308000000,0.5111212544170812,20190415
1555740000000,0.49278780625195534,20190420
1556172000000,0.4642958973415207,20190425
1556604000000,0.41022839282757023,20190430
1557036000000,0.29155687939269265,20190505
1557468000000,0.1622710384949549,20190510
1557900000000,0.0835472624292916,20190515
1558332000000,0.1700079397868129,20190520
1558764000000,0.34539122386835397,20190525
1559196000000,0.5885730518621587,20190530
1559628000000,0.9073440817990596,20190604
1560060000000,1.2034240342161995,20190609
1560492000000,1.464083586318527,20190614
1560924000000,1.637501324419105,20190619
1561356000000,1.8060356503147685,20190624
1561788000000,1.8944776649253532,20190629
1562220000000,1.9530939623681736,20190704
1562652000000,1.9959610660709384,20190709
1563084000000,2.0080099319547955,20190714
1563516000000,1.983869339164879,20190719
1563948000000,1.9185340476882087,20190724
1564380000000,1.8617069193270037,20190729
1564812000000,1.803787734014078,20190803
1565244000000,1.749254319590617,20190808
1565676000000,1.6991931756879621,20190813
1566108000000,1.6500797931819544,20190818
1566540000000,1.5994786322892531,20190823
1566972000000,1.530517819101705,20190828
1567404000000,1.460641897393997,20190902
1567836000000,1.3957991301870356,20190907
1568268000000,1.3269897427355908,20190912
1568700000000,1.302553169518347,20190917
1569132000000,1.3047788536072367,20190922
1569564000000,1.272178020981802,20190927
1569996000000,1.2786782001293007,20191002
1570428000000,1.2508723047667791,20191007
1570860000000,1.1966337094098012,20191012
1571292000000,1.0917272887427347,20191017
1571724000000,0.9509987651837432,20191022
1572156000000,0.786713281850132,20191027
1572588000000,0.5304108072031727,20191101
1573020000000,0.2678265954462078,20191106
1573452000000,-0.027149630668212438,20191111
1573884000000,-0.3646914317336909,20191116
1574316000000,-0.6468229916192215,20191121
1574748000000,-0.8563701727351143,20191126
1575180000000,-0.9036222555962332,20191201
1575612000000,-0.8855782536687552,20191206
1576044000000,-0.7957540549323998,20191211
1576476000000,-0.6914841211367012,20191216
1576908000000,-0.6201510554478298,20191221
1577340000000,-0.5297542658569772,20191226
1577772000000,-0.522026465633021,20191231
1578204000000,-0.5605135738361697,20200105
1578636000000,-0.6162606682512572,20200110
1579068000000,-0.679240986976559,20200115
1579500000000,-0.7330746844549106,20200120
1579932000000,-0.7951760700406473,20200125
1580364000000,-0.8601803258307056,20200130
1580796000000,-0.9328447386653217,20200204
1581228000000,-1.0105376534282242,20200209
1581660000000,-1.099109874902959,20200214
1582092000000,-1.2078942951740057,20200219
1582524000000,-1.3169213266981075,20200224
1582956000000,-1.435756510522345,20200229
1583388000000,-1.5586457530306446,20200305
1583820000000,-1.668097349360458,20200310
1584252000000,-1.7635286477822991,20200315
1584684000000,-1.8174758755943374,20200320
1585116000000,-1.832788966903259,20200325
1585548000000,-1.8258722740180502,20200330
1585980000000,-1.7908467620645987,20200404
1586412000000,-1.632761952397993,20200409
1586844000000,-1.5111985145333036,20200414
1587276000000,-1.3835963637888251,20200419
1587708000000,-1.2730209269913753,20200424
1588140000000,-1.1721873645688277,20200429
1588572000000,-1.071079537093307,20200504
1589004000000,-1.160803719336341,20200509
1589436000000,-1.2195319258159683,20200514
1589868000000,-1.182618300775794,20200519
1590300000000,-1.1366535410934933,20200524
1590732000000,-1.0852153099106199,20200529
1591164000000,-1.0236355135399169,20200603
1591596000000,-1.015960178562835,20200608
1592028000000,-0.9931396665130965,20200613
1592460000000,-1.0305322799451766,20200618
1592892000000,-1.0502111476825398,20200623
1593324000000,-1.0559054984899383,20200628
1593756000000,-1.0627548240319629,20200703
1594188000000,-1.0986128826159527,20200708
1594620000000,-1.1319154256361192,20200713
1595052000000,-1.172458378287885,20200718
1595484000000,-1.2119410557548183,20200723
1595916000000,-1.2381818373902385,20200728
1596348000000,-1.2627748782163613,20200802
1596780000000,-1.2864794210542463,20200807
1597212000000,-1.3013130829569062,20200812
1597644000000,-1.3014219802719906,20200817
1598076000000,-1.3037636718027827,20200822
1598508000000,-1.3045917298846477,20200827
1598940000000,-1.306957815119872,20200901
1599372000000,-1.3179683992449918,20200906
1599804000000,-1.3386247007850252,20200911
1600236000000,-1.3761185096375301,20200916
1600668000000,-1.4187855813960684,20200921
1601100000000,-1.4804081099343678,20200926
1601532000000,-1.5528556877747266,20201001
1601964000000,-1.6424709935510358,20201006
1602396000000,-1.7342154361581419,20201011
1602828000000,-1.834865681273251,20201016
1603260000000,-1.9472930762826701,20201021
1603692000000,-2.067139065783278,20201026
1604124000000,-2.2055936145727117,20201031
1604556000000,-2.343077379021664,20201105
1604988000000,-2.448941219617199,20201110
1605420000000,-2.524924610170133,20201115
1605852000000,-2.555670380718894,20201120
1606284000000,-2.5935575682753225,20201125
1606716000000,-2.6381452011071684,20201130
1609308000000,-2.9721237088473287,20201230
1609826400000,-2.9890061476822174,20210105
1610258400000,-2.99436808307204,20210110
1610690400000,-2.9917216014176407,20210115
1611122400000,-3.0034942277703003,20210120
1611554400000,-2.999322811528845,20210125
1611986400000,-2.9846441386956135,20210130
1612418400000,-2.9591249425710204,20210204
1612850400000,-2.9398773792233253,20210209
1613282400000,-2.9109025912823023,20210214
1613714400000,-2.880267120086512,20210219
1614146400000,-2.859923382012336,20210224
1614578400000,-2.893795177614215,20210301
1615010400000,-2.9450448615940945,20210306
1615442400000,-2.990317215011528,20210311
1615874400000,-3.064783916381863,20210316
1616306400000,-3.1152650052008606,20210321
1616738400000,-3.146754886920614,20210326
1617170400000,-3.176437483145854,20210331
1617602400000,-3.1984053921879703,20210405
1618034400000,-3.244878924704245,20210410
1618466400000,-3.2968668731996424,20210415
1618898400000,-3.4004537047882097,20210420
1619330400000,-3.5057838086284967,20210425
1619762400000,-3.6030138386355826,20210430
1620194400000,-3.7009305534593193,20210505
1620626400000,-3.809172519916657,20210510
1621058400000,-3.93829536278343,20210515
1621490400000,-4.05283222685758,20210520
1621922400000,-4.167226740087311,20210525
1622354400000,-4.281577103712333,20210530
1622786400000,-4.395780131193157,20210604
1623218400000,-4.494623606322254,20210609
1623650400000,-4.571825259158274,20210614
1624082400000,-4.640772344685579,20210619
1624514400000,-4.699753153580998,20210624
1624946400000,-4.7403228335369825,20210629
1625378400000,-4.75160790525762,20210704
1625810400000,-4.743621057317862,20210709
1626242400000,-4.72358251562045,20210714
1626674400000,-4.683265299412145,20210719
1627106400000,-4.650670822270164,20210724
1627538400000,-4.592762233049203,20210729
1627970400000,-4.533125764352681,20210803
1628402400000,-4.471490310497235,20210808
1628834400000,-4.403123861954471,20210813
1629266400000,-4.339953525640746,20210818
1629698400000,-4.273843671817164,20210823
1630130400000,-4.226709296648521,20210828
1630562400000,-4.195869452266139,20210902
1630994400000,-4.166830125025663,20210907
1631426400000,-4.121840364026773,20210912
1631858400000,-4.0902039700913395,20210917
1632290400000,-4.058675508553854,20210922
1632722400000,-4.032781733865059,20210927
1633154400000,-4.017588396420633,20211002
1633586400000,-4.011423257145233,20211007
1634018400000,-4.007731217398221,20211012
1634450400000,-3.989623799529462,20211017
1634882400000,-3.9121799993717787,20211022
1635314400000,-3.4373430342158526,20211027
1635746400000,-3.0125213522783953,20211101
1636178400000,-2.5561543909803723,20211106
1636610400000,-2.107368032773897,20211111
1637042400000,-1.6251316184117353,20211116
1637474400000,-1.2641421048227504,20211121
1637906400000,-1.3420045474438382,20211126
1638338400000,-1.424877832041762,20211201
1638770400000,-1.4741086430768482,20211206
1639202400000,-1.5604772334045354,20211211
1639634400000,-1.4994251156938778,20211216
1640066400000,-1.452357718501623,20211221
1640498400000,-1.2480477503057077,20211226
1640930400000,-0.9598750370207308,20211231
1641362400000,-0.6964162284198199,20220105
1641794400000,-0.5267692723317801,20220110
1642226400000,-0.4995737167047647,20220115
1642658400000,-0.4635812051041716,20220120
1643090400000,-0.5172921727161942,20220125
1643522400000,-0.581708896398223,20220130
1643954400000,-0.6364784984097167,20220204
1644386400000,-0.7346022746834894,20220209
1644818400000,-0.8068510066456321,20220214
1645250400000,-0.8885230253529005,20220219
1645682400000,-0.9653448708413548,20220224
1646114400000,-1.0371408577216346,20220301
1646546400000,-1.1168706541192508,20220306
1646978400000,-1.2035647502906248,20220311
1647410400000,-1.3047305995660663,20220316
1647842400000,-1.4163730744096719,20220321
1648274400000,-1.534468634212919,20220326
1648706400000,-1.637700635505395,20220331
1649138400000,-1.742060409136076,20220405
1649570400000,-1.8798607821698041,20220410
1650002400000,-1.9797053999143188,20220415
1650434400000,-2.026311378009516,20220420
1650866400000,-1.9992258640352407,20220425
1651298400000,-1.9906971318182458,20220430
1651730400000,-1.9815668728728466,20220505
1652162400000,-1.9072956089429807,20220510
1652594400000,-1.8832594252770785,20220515
1653026400000,-1.9516590007286072,20220520
1653458400000,-2.0756225564981485,20220525
